,0,1,2,naive_used
2019-01-01 03:50:00,0.19593341391281988,0.2918549492385787,0.9255555555555556,-8.7
2019-01-02 03:50:00,0.18416285714285716,0.16960756302521007,0.9914655172413793,-12.0
2019-01-03 03:50:00,0.07681710633433322,0.11958463061173774,0.8749809294107979,33.00731448763251
2019-01-04 03:50:00,0.04895777777777781,0.09478295454545457,0.25000462657113365,43.52
2019-01-05 03:50:00,0.06293862068965518,0.1395557029177719,0.33767081716417907,23.0
2019-01-06 03:50:00,0.059546735215825465,0.1337516606642657,1.144462366839043,48.51512605042017
2019-01-07 03:50:00,0.03690238095238095,0.15417623626373625,0.697058535645802,60.99999999999999
2019-01-08 03:50:00,0.06764098997493731,0.12520772727272725,0.7986523712328772,40.40999999999999
2019-01-09 03:50:00,0.060071000000000006,0.13417882352941177,0.6607338890162807,48.71999999999999
2019-01-10 03:50:00,0.041866437607982726,0.09489940152801367,0.4740928851425449,66.33039473684211
2019-01-11 03:50:00,0.051481899372418594,0.15145303030303028,0.6524357155135367,40.5
2019-01-12 03:50:00,0.06536863636363636,0.12204916666666665,0.8249382978723404,30.500000000000004
2019-01-13 03:50:00,0.09036910042735041,0.18531217038539552,1.308448979591835,22.14
2019-01-14 03:50:00,0.05643770398481972,0.14260051257023934,0.8601396375199497,49.34709677419355
2019-01-15 03:50:00,0.08955145875420874,0.13460004207616708,0.8500158645833333,34.147416666666665
2019-01-16 03:50:00,0.061643333333333335,0.11235576923076923,0.8750013917525773,39.1
2019-01-17 03:50:00,0.053128175287356326,0.09798650793650797,0.49195265146381106,32.99
2019-01-18 03:50:00,0.039813999999999995,0.13113,0.47089465923984275,64.8
2019-01-19 03:50:00,0.06787876543209914,0.12100326835607529,0.9943278463648837,42.69898148148149
2019-01-20 03:50:00,0.04995083196778111,0.15713436819172116,1.5,47.22962962962963
2019-01-21 03:50:00,0.04845546218487394,0.18788762626262628,1.2341348507148864,66.1
2019-01-22 03:50:00,0.0668,0.23879653008490215,0.862525,71.5
2019-01-23 03:50:00,0.07392321867321869,0.23873048645006192,0.8722278586278586,78.67297297297299
2019-01-24 03:50:00,0.06977812679288582,0.256460276854928,1.0097081250000004,77.8
2019-01-25 03:50:00,0.0893148837209303,0.2534739516129032,0.8750129545454546,72.13
2019-01-26 03:50:00,0.03685525140749375,0.10032946452145215,0.7336981933061718,47.18564356435643
2019-01-27 03:50:00,0.16350533788080646,0.1511118612988397,0.8278501777888034,-2.1034532374100716
2019-01-28 03:50:00,0.038091965811965806,0.15252172839506173,0.7906813671563234,51.60444444444445
2019-01-29 03:50:00,0.04618547290640393,0.20275982982534707,1.0508653996865218,58.581379310344836
2019-01-30 03:50:00,0.09388442304971915,0.25311848286372496,0.912388572477164,47.263110047846894
2019-01-31 03:50:00,0.07426022727272727,0.2577317528735632,0.8892451923076924,67.21666666666667
2019-02-01 03:50:00,0.05119289638000383,0.14073349436392907,0.467014020185279,49.50869565217391
2019-02-02 03:50:00,0.0666339393939394,0.15911438679245282,0.9939120370370371,41.199999999999996
2019-02-03 03:50:00,0.09352683823529412,0.15799361702127657,0.9961238532110092,33.96666666666666
2019-02-04 03:50:00,0.02909454962707975,0.1301747891566265,0.7016800806900602,57.47397590361445
2019-02-05 03:50:00,0.047908350168350156,0.25918775826446283,1.5,54.15950413223142
2019-02-06 03:50:00,0.037657618768328543,0.13851141596498745,0.9005979521032375,55.13450216450216
2019-02-07 03:50:00,0.03578949954313276,0.13466156862745102,0.9951897533206832,50.504705882352944
2019-02-08 03:50:00,0.03705686274509803,0.1332409090909091,1.185625,55.9
2019-02-09 03:50:00,0.22527037499999977,0.25487081901181524,0.8946038641078837,-13.290000000000001
2019-02-10 03:50:00,0.428255657708628,0.297250926355898,0.8786934945121951,-32.406285714285715
2019-02-11 03:50:00,0.0678773493975904,0.12855744797371305,0.636684423093104,36.945060240963855
2019-02-12 03:50:00,0.04171538461538462,0.09320721925133689,0.48735479334800685,47.85
2019-02-13 03:50:00,0.050431476190476186,0.09990380986119143,0.7023602272959184,39.0992972972973
2019-02-14 03:50:00,0.07427263713080168,0.2342654318936877,0.861460576923077,59.4
2019-02-15 03:50:00,0.05933750000000001,0.11302227272727274,0.8125083333333333,56.8
2019-02-16 03:50:00,0.10808791944363953,0.15578947139450167,1.0503403361344534,30.604285714285716
2019-02-17 03:50:00,0.07321925840978592,0.17841316683656133,1.5,37.79587155963302
2019-02-18 03:50:00,0.02763198653198655,0.10175124777183604,0.7503273645546369,52.506060606060615
2019-02-19 03:50:00,0.036513333333333335,0.11273749999999999,0.6781130047607632,50.8
2019-02-20 03:50:00,0.030175543352601163,0.10496991978609628,0.8749924083333332,46.669999999999995
2019-02-21 03:50:00,0.036554545454545465,0.12995943396226414,0.8547646137367788,47.2
2019-02-22 03:50:00,0.035177800546448104,0.10275806638102336,0.6545159982435609,50.239098360655746
2019-02-23 03:50:00,0.07049333333333332,0.17606861239119304,1.5,38.5
2019-02-24 03:50:00,0.060084375,0.15330174636174634,1.5,34.9
2019-02-25 03:50:00,0.02610740079365084,0.09728650183150053,0.8563531647807635,53.52192857142858
2019-02-26 03:50:00,0.02361222843976301,0.09749002120328654,0.48511350356180166,51.744897959183675
2019-02-27 03:50:00,0.021456712962962962,0.0773662134514283,0.5417658041758424,49.12222222222222
2019-02-28 03:50:00,0.03521086994291388,0.09740999999999995,0.5295963704630784,44.023529411764706
2019-03-01 03:50:00,0.031053125,0.10898333333333333,0.7261666666666667,49.2
2019-03-02 03:50:00,0.11538358208955225,0.1458539534883721,0.8347517730496454,29.1
2019-03-03 03:50:00,0.2664988778842486,0.2682851798436027,0.8912181158632297,-14.643552631578949
2019-03-04 03:50:00,0.07244000000000002,0.15887559523809522,1.0491685869565215,27.71
2019-03-05 03:50:00,0.03792985714285714,0.11482714285714282,0.36452949476105284,43.012
2019-03-06 03:50:00,0.032321978021978025,0.09193391752577319,0.59637451171875,44.7
2019-03-07 03:50:00,0.030786404586404567,0.09390180180180184,0.25614359797297287,38.502702702702706
2019-03-08 03:50:00,0.08095037816764132,0.11642820512820515,0.7184810908271352,25.822222222222223
2019-03-09 03:50:00,0.42181534198399223,0.2723180736554927,0.8823942305956679,-54.47214285714285
2019-03-10 03:50:00,0.04967532544378698,0.20865,0.8948382964147689,28.875443786982252
2019-03-11 03:50:00,0.040755452631578946,0.10635,0.6951725915750916,41.8
2019-03-12 03:50:00,0.03536299858557282,0.09046666666666658,0.48817734794275486,48.99999999999999
2019-03-13 03:50:00,0.048939741371778055,0.12317871302923433,0.6809345606100252,36.83940366972477
2019-03-14 03:50:00,0.054085714285714286,0.11054521739130435,0.6674098841354723,39.7
2019-03-15 03:50:00,0.04155833333333333,0.11196388888888889,0.8369006818492215,40.6
2019-03-16 03:50:00,0.08230286745406823,0.18807261968085107,1.2276249999999997,19.772499999999997
2019-03-17 03:50:00,0.04531880848484849,0.12509995568896515,0.28532155445352797,5.795050505050505
2019-03-18 03:50:00,0.03379810891089109,0.07798242753623189,0.6071978557504873,47.2
2019-03-19 03:50:00,0.057440909090909084,0.10713246294989415,0.83875,49.1
2019-03-20 03:50:00,0.021480714285714284,0.028403124999999994,0.13441296438579048,48.9
2019-03-21 03:50:00,0.023717222222222212,0.11981450000000002,1.4546680645161285,49.089999999999996
2019-03-22 03:50:00,0.027062914438502672,0.06917916666666668,0.2552080812186329,46.05
2019-03-23 03:50:00,0.04195981252747252,0.09909290365591397,0.5792414181818183,39.0046
2019-03-24 03:50:00,0.060755744680851057,0.13541941254710707,0.8749889298201798,31.501923076923077
2019-03-25 03:50:00,0.04199213483146067,0.09495876623376623,0.6324960444874276,35.7
2019-03-26 03:50:00,0.040736038961038966,0.11096875,0.37765562200956937,45.6
2019-03-27 03:50:00,0.02732705882352941,0.09394999999999999,0.7034074901960784,43.3
2019-03-28 03:50:00,0.0409605262577815,0.10194002304611473,0.8565679243133518,46.850836820083686
2019-03-29 03:50:00,0.04486823956442825,0.09939280322525303,0.6786807002194114,48.88275862068965
2019-03-30 03:50:00,0.03222380952380953,0.09738333333333334,1.084307676730486,38.3
2019-03-31 03:50:00,0.08580166112956807,0.13747798407104264,1.3711295681063114,21.690697674418608
2019-04-01 03:50:00,0.053911904761904765,0.08865600496277916,0.845708961807624,43.89
2019-04-02 03:50:00,0.0350046673286991,0.106109,0.8080770306639159,41.75
2019-04-03 03:50:00,0.03636203703703703,0.10340757575757575,0.6953631565689271,44.650000000000006
2019-04-04 03:50:00,0.0842664957264957,0.16260703752468728,0.8601254933572174,53.31761904761904
2019-04-05 03:50:00,0.0833017307692308,0.1447067705237405,0.8500211328125,49.99666666666667
2019-04-06 03:50:00,0.048110456063907035,0.1309957585503337,1.4153781998910675,43.83676470588236
2019-04-07 03:50:00,0.03768169230769231,0.11567162162162163,0.9932954545454545,34.8
2019-04-08 03:50:00,0.0571562068965517,0.1394471227272727,0.8572189320388349,55.83599999999999
2019-04-09 03:50:00,0.031281818181818175,0.0920625,0.6631931592993214,49.5
2019-04-10 03:50:00,0.03276933221099889,0.09814208856033445,0.8524432643427742,50.55925925925925
2019-04-11 03:50:00,0.029359026598754952,0.07470679611650485,0.26783573717948717,50.3
2019-04-12 03:50:00,0.039896812865497074,0.08625045887445888,0.7488661157062779,57.85666666666666
2019-04-13 03:50:00,0.04824,0.13354294871794872,1.3213219895287958,42.8
2019-04-14 03:50:00,0.04749877373417721,0.14343790849673202,1.5,40.3
2019-04-15 03:50:00,0.07762950664136622,0.14278563748079878,0.7936824324324324,60.0
2019-04-16 03:50:00,0.05997726939726939,0.11221115942028984,0.8574793729372938,52.76666666666667
2019-04-17 03:50:00,0.05590364837987101,0.11045234094250919,0.8568953440052035,51.58562043795621
2019-04-18 03:50:00,0.02229142857142854,0.07352750000000001,0.36666159322725367,48.72
2019-04-19 03:50:00,0.040036091188524595,0.09382340732380236,1.1064285714285715,40.635714285714286
2019-04-20 03:50:00,0.04138996710526316,0.11998863134657836,0.718047026081425,39.0
2019-04-21 03:50:00,0.04277068519715578,0.09494869631072161,1.1101904585798819,34.40205128205128
2019-04-22 03:50:00,0.1285054192095321,0.1717789709298596,0.8998216222596533,2.8925225225225226
2019-04-23 03:50:00,0.07594999999999999,0.08377884615384616,0.6107576120245004,25.25
2019-04-24 03:50:00,0.04293886071019472,0.09313926087214125,0.6584896211088944,46.4750412371134
2019-04-25 03:50:00,0.05776362940132623,0.10474136104225523,0.824921227492984,49.29084337349398
2019-04-26 03:50:00,0.05226835849056603,0.11123938095238105,0.7876283333333334,51.49
2019-04-27 03:50:00,0.101856333078686,0.15421794397370597,0.8749753088235294,23.967647058823534
2019-04-28 03:50:00,0.06025578947368421,0.1120423034330011,0.8342361111111111,25.6
2019-04-29 03:50:00,0.03864620692567568,0.06921140676062092,0.29272096147486776,48.296875
2019-04-30 03:50:00,0.16982845791245785,0.25721796049021395,1.5,49.002787878787885
2019-05-01 03:50:00,0.03412642857142857,0.0842,0.6388557189542483,29.199999999999996
2019-05-02 03:50:00,0.024524269005847903,0.07266148325358851,0.21167982250839867,44.27894736842106
2019-05-03 03:50:00,0.044035091362126244,0.10694138291517323,0.7843111106850715,45.74722222222222
2019-05-04 03:50:00,0.04642537419354839,0.1167378375,0.8402838235294119,29.993
2019-05-05 03:50:00,0.10036808586626154,0.16393932550821855,0.8716926145662848,28.305744680851063
2019-05-06 03:50:00,0.03718888888888888,0.1000690909090909,0.875011052631579,48.996883116883126
2019-05-07 03:50:00,0.07989565875109939,0.13260812324929971,0.8562871287128713,61.5
2019-05-08 03:50:00,0.041224534316048916,0.10283022827687764,0.6193048585343189,48.33285714285714
2019-05-09 03:50:00,0.037174488636363634,0.09247974458874458,0.3624713967023505,47.84981818181818
2019-05-10 03:50:00,0.03591275167785238,0.09369907407407412,0.5064375408942203,54.550000000000004
2019-05-11 03:50:00,0.28164435280641464,0.3571453076923076,1.5,34.864
2019-05-12 03:50:00,0.06795020588235294,0.14242678977272727,0.9895233658256881,26.320625
2019-05-13 03:50:00,0.0558001031991744,0.1029105072463768,0.45992235632183914,48.1937552742616
2019-05-14 03:50:00,0.05822533333333333,0.10822114130434782,0.6777636718213059,52.4
2019-05-15 03:50:00,0.04724339981006655,0.07298196136335673,0.3348526843978314,49.819135802469134
2019-05-16 03:50:00,0.03964444444444445,0.10276818181818183,0.6928468468468469,39.18
2019-05-17 03:50:00,0.03521881188118812,0.08146671875,0.24867423686869092,46.118125
2019-05-18 03:50:00,0.02877471171785855,0.07868695787390442,0.19656902998013956,39.4948854961832
2019-05-19 03:50:00,0.05144650000000015,0.13461860969387754,0.8058335517291417,36.477040816326536
2019-05-20 03:50:00,0.051936923076923096,0.12715167816091957,0.7132865188834151,50.72
2019-05-21 03:50:00,0.03167928571428571,0.10276307692307693,1.0527235202492204,45.66
2019-05-22 03:50:00,0.0502042,0.1343857142857143,0.9623835403726707,36.5
2019-05-23 03:50:00,0.06502059027777778,0.13086229674796748,0.7892476851851852,59.7
2019-05-24 03:50:00,0.036641190363482685,0.0652293285628434,0.3009020299145303,50.64182051282051
2019-05-25 03:50:00,0.0381,0.09934615384615383,1.1267127799736496,39.81
2019-05-26 03:50:00,0.15927254901960786,0.2712944476914085,0.8906629834254144,10.7
2019-05-27 03:50:00,0.03634316770186335,0.07803913043478261,0.4974766666666667,43.762499999999996
2019-05-28 03:50:00,0.1684702313533461,0.14922303393061379,0.7749753898980948,80.95383606557375
2019-05-29 03:50:00,0.038001437037037025,0.09465098461538463,0.9113565511111126,45.06453333333333
2019-05-30 03:50:00,0.10860333333333334,0.255725,1.4628314285714286,18.0
2019-05-31 03:50:00,0.036062540368769165,0.08927812071620377,0.8008771469072162,34.36178694158075
2019-06-01 03:50:00,0.04203004815409309,0.11921114631336406,0.6938856739130436,32.6
2019-06-02 03:50:00,0.0843554347826087,0.14169399867374005,1.059732746863066,34.3
2019-06-03 03:50:00,0.039194000000000014,0.1061276091954023,1.0054586363636357,40.01
2019-06-04 03:50:00,0.06054632775632776,0.09553884779516361,0.8082982758620689,53.51
2019-06-05 03:50:00,0.041120333627278016,0.09865637183235883,0.4310818710051787,44.65416666666666
2019-06-06 03:50:00,0.031609836590296495,0.0693501572327044,0.24999072736265357,40.97594339622642
2019-06-07 03:50:00,0.09816161616161617,0.24515725886642362,0.8082339449541285,93.30000000000001
2019-06-08 03:50:00,0.2573266055045872,0.261793023255814,0.4263005956568641,10.4
2019-06-09 03:50:00,0.10565404761904754,0.2982432000000003,1.5,13.32
2019-06-10 03:50:00,0.06499938123752497,0.18199509981851178,1.5,28.760000000000005
2019-06-11 03:50:00,0.053867259728082505,0.1259101341020178,0.9683982415326716,46.66860759493671
2019-06-12 03:50:00,0.041899682025576764,0.0900280177777778,0.4795295826845224,52.19641025641026
2019-06-13 03:50:00,0.044393333333333306,0.14168833333333333,1.4454838709677431,46.82
2019-06-14 03:50:00,0.049676415094339614,0.11949821428571428,0.730575845410628,50.6
2019-06-15 03:50:00,0.030880416666666674,0.12614921875,1.4345860699152542,37.2625
2019-06-16 03:50:00,0.048356948717948704,0.11485487385274427,0.8749841498888888,29.383066666666668
2019-06-17 03:50:00,0.06853197169811465,0.11027622912885661,0.7954165104166666,63.95205000000001
2019-06-18 03:50:00,0.034630915789473575,0.09815284210526314,0.8518972772277227,53.31
2019-06-19 03:50:00,0.05972911392405063,0.1477046296296296,0.8517625000000001,51.099999999999994
2019-06-20 03:50:00,0.033860492577597844,0.12008201116095854,0.6946887971060987,44.113846153846154
2019-06-21 03:50:00,0.058794219386851,0.13966167735804236,1.5,48.20944444444445
2019-06-22 03:50:00,0.03974278906013702,0.14870754360849373,1.5,29.40322869955157
2019-06-23 03:50:00,0.04847959763313609,0.1445232234432235,1.5,24.20846153846154
2019-06-24 03:50:00,0.07489429763681593,0.12265605968640622,0.803932735535398,49.129147121535176
2019-06-25 03:50:00,0.08791518563067335,0.12876379375898364,0.8081743927471775,50.117299578059075
2019-06-26 03:50:00,0.07592070083886072,0.12324630208333326,0.7975332532051281,65.52
2019-06-27 03:50:00,0.03497724330357143,0.0870483737244898,0.6880777731307264,45.75
2019-06-28 03:50:00,0.06107894990554361,0.15945898222780128,0.8750092451934147,59.27662790697675
2019-06-29 03:50:00,0.044305514590029633,0.10413434988857728,0.7514702827112434,34.68658536585366
2019-06-30 03:50:00,0.061670381710553175,0.15526219696969695,0.5708613025671762,13.4
2019-07-01 03:50:00,0.09184532085561498,0.17029868270332188,0.889011,50.184740740740736
2019-07-02 03:50:00,0.09150849021528479,0.15997941016860062,0.8601396719720497,49.692119565217396
2019-07-03 03:50:00,0.04093811382113822,0.11727777777777777,1.5,45.24673333333333
2019-07-04 03:50:00,0.05573865740740682,0.12200246913580186,0.8601426595269969,49.63102396514162
2019-07-05 03:50:00,0.0329032327586207,0.09805631578947364,0.9368055555555546,37.03
2019-07-06 03:50:00,0.03190779090909089,0.1427845779220779,1.5,35.09
2019-07-07 03:50:00,0.04306666666666652,0.15502934782608702,1.3211153846153842,20.989999999999995
2019-07-08 03:50:00,0.07519272727272727,0.1478245901639344,0.87498135,44.68
2019-07-09 03:50:00,0.03401347297297303,0.09874971171171174,0.6104105471868936,47.4552027027027
2019-07-10 03:50:00,0.04966597531900287,0.07968708108108105,0.2500310595654478,50.296216216216216
2019-07-11 03:50:00,0.0357082528957529,0.14642672413793104,1.5,46.55
2019-07-12 03:50:00,0.07420000000000006,0.16302161381254407,1.197666666666666,53.61
2019-07-13 03:50:00,0.07918336713995942,0.14620758714422769,0.8750184782608695,33.3
2019-07-14 03:50:00,0.0733425,0.17050429167955458,1.3027289603960397,28.95
2019-07-15 03:50:00,0.06512983773216054,0.14196882756403384,1.5,49.598064516129035
2019-07-16 03:50:00,0.04035,0.11936901446654613,0.7782656711001502,43.655632911392395
2019-07-17 03:50:00,0.059641510791366904,0.126340625,0.874999792358804,52.81
2019-07-18 03:50:00,0.05789523809523808,0.1284802737520129,1.1318181818181818,47.87
2019-07-19 03:50:00,0.061593233082706776,0.15743615384615386,1.2759183673469383,49.11
2019-07-20 03:50:00,0.06230150000000001,0.20007019704433504,1.5,37.74
2019-07-21 03:50:00,0.06430577235772354,0.15741650260503268,1.5,38.24
2019-07-22 03:50:00,0.05162555555555552,0.16076482905982908,1.5,45.99
2019-07-23 03:50:00,0.05989921874999999,0.1720287,1.5,54.895
2019-07-24 03:50:00,0.0885343590103527,0.21847543834841635,1.5,55.00750000000001
2019-07-25 03:50:00,0.08792753950338601,0.14788132621951217,1.5,62.4
2019-07-26 03:50:00,0.09440496296296297,0.19614915966386556,1.5,52.510000000000005
2019-07-27 03:50:00,0.08198484848484848,0.20161698717948717,1.3134536082474229,32.4
2019-07-28 03:50:00,0.07110714285714285,0.1814971590909091,1.5,29.899999999999995
2019-07-29 03:50:00,0.06483500683060109,0.15388935643564358,1.5,50.3
2019-07-30 03:50:00,0.06086572220882562,0.13062234375,0.8483269230769231,39.31038461538461
2019-07-31 03:50:00,0.29513715277777774,0.5123368644067797,1.5,36.05
2019-08-01 03:50:00,0.10733770833333334,0.41256720430107524,1.5,46.650000000000006
2019-08-02 03:50:00,0.08730311599298539,0.48573847429906547,0.8749879055924696,54.285
2019-08-03 03:50:00,0.06467479559748428,0.38010018111337057,1.5,29.51000000000001
2019-08-04 03:50:00,0.10048429347826086,0.21892386655844154,1.5,31.790000000000003
2019-08-05 03:50:00,0.10417692307692307,0.18999267857142857,1.5,46.25
2019-08-06 03:50:00,0.06164312668463612,0.13463329268292681,1.0444819507115586,43.8
2019-08-07 03:50:00,0.04975587044534413,0.17347745901639341,1.335483870967742,40.15769230769231
2019-08-08 03:50:00,0.047299999999999995,0.11235064935064935,0.7422211792702273,41.32
2019-08-09 03:50:00,0.08790762942779293,0.12837914772727274,0.8749790833333334,57.0
2019-08-10 03:50:00,0.06057570236780762,0.12493765038987754,0.5063085701781482,23.794230769230765
2019-08-11 03:50:00,0.1385050909090909,0.3676623376623377,1.5,14.42
2019-08-12 03:50:00,0.04959266055045962,0.15701175213675175,1.5,42.449999999999996
2019-08-13 03:50:00,0.04686571374764592,0.10755016677241004,0.7621638055183282,50.53610169491525
2019-08-14 03:50:00,0.10057450980392157,0.1825218253968254,1.5,42.0
2019-08-15 03:50:00,0.10852601199690402,0.17978620976692566,0.9945639297385621,17.985294117647058
2019-08-16 03:50:00,0.09558875,0.21173851851851852,1.3665178571428571,43.35
2019-08-17 03:50:00,0.05239862637362642,0.27147776818181807,1.5,20.413928571428574
2019-08-18 03:50:00,0.08737311764705884,0.19289479999999998,1.5,32.44
2019-08-19 03:50:00,0.05089803131991052,0.13473115384615383,1.2846264367816094,39.6
2019-08-20 03:50:00,0.04215625,0.13805847953216374,1.5,38.7
2019-08-21 03:50:00,0.06803181818181818,0.1362909090909091,0.8705211904761905,57.5
2019-08-22 03:50:00,0.08839883886946387,0.15788138988646896,0.8718837573260073,47.114615384615384
2019-08-23 03:50:00,0.05356394217687075,0.12056556159250585,0.8961942857142856,44.069714285714284
2019-08-24 03:50:00,0.08729624149659863,0.2218242751322751,1.5,35.05285714285714
2019-08-25 03:50:00,0.084753346215781,0.15056300715465054,1.015004830917874,36.799130434782604
2019-08-26 03:50:00,0.0850686320754717,0.1837062774792379,1.3194689119170984,65.4
2019-08-27 03:50:00,0.05457693050193051,0.14892721755368815,1.1618253968253975,57.638888888888886
2019-08-28 03:50:00,0.09296652538902538,0.19870246913580258,0.9228602150537635,40.93333333333332
2019-08-29 03:50:00,0.07910182399360705,0.15108004385964913,0.8573660256410257,53.11999999999999
2019-08-30 03:50:00,0.07073976833976835,0.14651962406015037,0.8749836666666666,53.900000000000006
2019-08-31 03:50:00,0.09194481601731601,0.1376642111013986,0.8371778703703703,32.50083333333333
2019-09-01 03:50:00,0.05789792089249494,0.134755875949737,0.8949353448275861,28.51896551724138
2019-09-02 03:50:00,0.05850142857142858,0.14183152777777777,0.9149242424242425,43.38
2019-09-03 03:50:00,0.06440857142857144,0.1369516806722689,1.1138461538461537,37.662142857142854
2019-09-04 03:50:00,0.05113354430379746,0.12245140845070422,1.3184615384615386,47.0
2019-09-05 03:50:00,0.04911664964249239,0.10899379887585534,0.8749849743279976,35.772727272727266
2019-09-06 03:50:00,0.058210197628458464,0.1518108461898082,1.383391304347824,32.00517391304347
2019-09-07 03:50:00,0.068311914893617,0.1702488095605719,0.9892573454913881,27.22212765957447
2019-09-08 03:50:00,0.07630883053221285,0.1763116289918745,1.5,32.80886904761904
2019-09-09 03:50:00,0.06513260073260073,0.35686803577081355,1.5,55.842564102564104
2019-09-10 03:50:00,0.08957696367521367,0.16606041966426857,0.8749960944444445,48.82
2019-09-11 03:50:00,0.09283451266160915,0.17780586255259467,1.3375510204081624,48.71
2019-09-12 03:50:00,0.06254533316645806,0.15494616698292218,1.5,41.328823529411764
2019-09-13 03:50:00,0.05056556666666668,0.1539779357993197,1.341027777777781,38.318333333333335
2019-09-14 03:50:00,0.0832847619047619,0.22640959852699838,1.5,37.34
2019-09-15 03:50:00,0.0963332305334738,0.29357500000000014,1.3401666666666674,21.14
2019-09-16 03:50:00,0.09482826055833925,0.15902100345215467,1.1411434440260189,48.80370078740158
2019-09-17 03:50:00,0.0771334849726243,0.16179833907162963,1.5,39.441163434903046
2019-09-18 03:50:00,0.06220793726199616,0.14000099658557405,0.9166954225352115,37.36985915492958
2019-09-19 03:50:00,0.09531446280991732,0.17842311974915728,1.5,46.340743801652884
2019-09-20 03:50:00,0.08457965126416758,0.1945917453917051,1.5,42.16688172043011
2019-09-21 03:50:00,0.11071485714285713,0.20593435897435894,1.5,36.64
2019-09-22 03:50:00,0.10932857142857143,0.2148925264550265,1.5,34.628571428571426
2019-09-23 03:50:00,0.08752846534653454,0.18551683819697756,1.5,46.010198019801976
2019-09-24 03:50:00,0.24803058312655107,0.2811025267486426,0.8995295336275106,71.85967741935484
2019-09-25 03:50:00,0.07653059091851544,0.17150620535714284,1.5,49.09
2019-09-26 03:50:00,0.06249191011235955,0.1728796296296296,1.5,45.36923076923077
2019-09-27 03:50:00,0.09798547049441789,0.18326914736070382,1.5,43.84863636363636
2019-09-28 03:50:00,0.1639451851851852,0.24350363636363637,1.5,16.25
2019-09-29 03:50:00,0.15021784574468086,0.19276733766233764,0.9948130841121495,5.707142857142857
2019-09-30 03:50:00,0.11282,0.22851522269676633,1.5,33.7
2019-10-01 03:50:00,0.0828491666666667,0.17170693277310917,1.5,40.99999999999999
2019-10-02 03:50:00,0.05363344195492659,0.16755876262626257,1.5,42.52319444444445
2019-10-03 03:50:00,0.08761208548009367,0.20777168209876543,1.5,34.05
2019-10-04 03:50:00,0.07188617003367026,0.20344108644067796,1.5,40.17148148148148
2019-10-05 03:50:00,0.10470645739283037,0.2160744131433852,1.5,19.580266159695817
2019-10-06 03:50:00,0.10412162214479287,0.20641427391355655,1.5,23.120121951219517
2019-10-07 03:50:00,0.16356863636363633,0.16336625754527162,0.8750166190476191,61.93
2019-10-08 03:50:00,0.06330758024691355,0.210352039529016,1.5,35.45544444444445
2019-10-09 03:50:00,0.09672909090909093,0.18709951305887562,1.5,43.86
2019-10-10 03:50:00,0.10521065754894088,0.21881646259074125,1.5,38.20750737463127
2019-10-11 03:50:00,0.04781873076923074,0.14315109649122806,1.5,29.190000000000005
2019-10-12 03:50:00,0.15755906722251173,0.1904380226266602,1.283966165413536,-19.05578947368421
2019-10-13 03:50:00,0.1304410895291999,0.22098474509047253,1.5,22.275953177257524
2019-10-14 03:50:00,0.06476354978354978,0.16979757085020242,1.5,40.0186
2019-10-15 03:50:00,0.06253672508983604,0.1649662383471907,1.5,48.57936507936508
2019-10-16 03:50:00,0.04362870634920637,0.12204333104395602,1.3271819196428567,44.93017857142857
2019-10-17 03:50:00,0.04861739274139889,0.15383648037258815,1.5,43.98986027944111
2019-10-18 03:50:00,0.049389221267383335,0.15924287049157743,1.5,40.616713286713285
2019-10-19 03:50:00,0.09558667775314114,0.17127179475569507,1.31747021575985,19.220121951219515
2019-10-20 03:50:00,0.06587511111111109,0.17401517241379294,1.5,23.62
2019-10-21 03:50:00,0.0528,0.15405284308616615,1.5,45.626336633663364
2019-10-22 03:50:00,0.07994016923842691,0.1521408891195295,0.8749945853658537,53.86585365853659
2019-10-23 03:50:00,0.06767076923076924,0.19033076923076922,1.5,40.0
2019-10-24 03:50:00,0.07200813186813189,0.19140670329670334,1.5,41.76
2019-10-25 03:50:00,0.09944857142857148,0.14367719449225472,0.8750024903474903,26.114285714285717
2019-10-26 03:50:00,0.09993784246575342,0.1727276119402985,1.5,15.23090909090909
2019-10-27 03:50:00,0.12825648648648652,0.17460400746965454,0.8289441964285714,-33.93
2019-10-28 03:50:00,0.09216166666666649,0.1840872098765432,1.5,48.27833333333333
2019-10-29 03:50:00,0.05951649492481201,0.17703438352427714,1.5,47.082499999999996
2019-10-30 03:50:00,0.03311948936170215,0.11292565095003522,1.119870129870129,47.565000000000005
2019-10-31 03:50:00,0.0887572192513369,0.16423428571428572,1.0335526315789474,49.40833333333333
2019-11-01 03:50:00,0.05003461538461538,0.15353152173913043,1.5,30.0
2019-11-02 03:50:00,0.09125987585350714,0.19284563430919366,1.5,20.28
2019-11-03 03:50:00,0.35574714285714265,0.34036996879011006,1.2590000000000006,-0.29
2019-11-04 03:50:00,0.04096883116883116,0.14878446428571437,1.5,46.042857142857144
2019-11-05 03:50:00,0.06903127490039838,0.13434907363140033,0.9457980577689256,47.00689243027888
2019-11-06 03:50:00,0.07152739139344262,0.18996756756756752,1.5,51.81
2019-11-07 03:50:00,0.03628044344131705,0.10431409090909091,0.8993988128886377,40.2
2019-11-08 03:50:00,0.09296619228791903,0.17501518167584132,1.3567474599094076,53.5494087403599
2019-11-09 03:50:00,0.09110831162196678,0.21103095934371527,1.5,41.50827586206896
2019-11-10 03:50:00,0.13129391304347826,0.21621328463203462,1.5,33.1
2019-11-11 03:50:00,0.06119080459770117,0.1256467660237678,0.8749921379310345,35.72758620689655
2019-11-12 03:50:00,0.06444353262894102,0.18979462903245287,1.5,34.41056994818653
2019-11-13 03:50:00,0.03773991228070175,0.11381424148606811,1.025680921052634,43.63947368421052
2019-11-14 03:50:00,0.05706746312897627,0.11493864615902377,1.08044675642595,50.86052631578947
2019-11-15 03:50:00,0.037003030789288946,0.11881284615384616,0.8849445581014707,31.666923076923077
2019-11-16 03:50:00,0.07235953708457646,0.13395103152246815,1.5,32.63746478873239
2019-11-17 03:50:00,0.06667619047619047,0.13238333333333333,1.5,26.0
2019-11-18 03:50:00,0.07566097560975614,0.12828841448445172,0.8750116316793893,38.19
2019-11-19 03:50:00,0.0409081845238095,0.10525278107876146,1.44996212121212,33.023818181818186
2019-11-20 03:50:00,0.06731798484848484,0.3217255369695392,1.5,52.29209090909091
2019-11-21 03:50:00,0.10528790322580645,0.15609744295830058,0.8750081578947368,55.89999999999999
2019-11-22 03:50:00,0.04818858812074006,0.13313285811159908,1.5,48.029746835443035
2019-11-23 03:50:00,0.14037687293099058,0.19785437474290415,1.2993158263305322,12.213529411764705
2019-11-24 03:50:00,0.10299575001064838,0.20510636314155664,1.5,24.597548076923076
2019-11-25 03:50:00,0.1212315789473684,0.2444821044546851,1.5,54.1
2019-11-26 03:50:00,0.055490548387096814,0.10077366037735849,0.8039122023809524,47.31
2019-11-27 03:50:00,0.07070869565217391,0.14401516089108912,1.3575,50.65
2019-11-28 03:50:00,0.12223991228070176,0.1484847041847042,0.9018095238095238,39.53379790940766
2019-11-29 03:50:00,0.05650540084388184,0.09691767857142855,0.8750004702750666,33.98428571428572
2019-11-30 03:50:00,0.08554327322033897,0.1602107756813417,1.5,24.976
2019-12-01 03:50:00,0.041076999999999905,0.12476833333333334,1.3230000000000017,41.04
2019-12-02 03:50:00,0.044101470588235284,0.11500036310820624,1.5,42.784444444444446
2019-12-03 03:50:00,0.07312078705776986,0.2388171290067993,0.9997564655172436,48.03870689655173
2019-12-04 03:50:00,0.053148914226483546,0.12486616666666665,1.0608085714285713,42.158
2019-12-05 03:50:00,0.05948263157894737,0.11486309523809524,1.357875,42.22
2019-12-06 03:50:00,0.044116001259941744,0.11904622549019614,1.5,32.86980392156863
2019-12-07 03:50:00,0.11873829365079365,0.1662219387755102,1.2435901315789475,3.4
2019-12-08 03:50:00,0.12634839572192513,0.36297344434706397,1.5,-13.44
2019-12-09 03:50:00,0.05253030303030303,0.08324000000000001,0.8750044907407407,26.599999999999998
2019-12-10 03:50:00,0.05303164968152869,0.12549097157138395,0.8750124285714286,43.71
2019-12-11 03:50:00,0.06718809523809523,0.12902844387755102,0.8112173913043479,38.0
2019-12-12 03:50:00,0.08061111111111112,0.14532134615384615,1.075,35.0
2019-12-13 03:50:00,0.06415333333333334,0.12767849282296648,1.353894957983193,36.07
2019-12-14 03:50:00,0.11486639175257736,0.15259239316239318,0.9882837499999999,11.58
2019-12-15 03:50:00,0.48448166453252994,0.39051215067766315,0.8691796504620329,-66.49894736842106
2019-12-16 03:50:00,0.07311084863523568,0.154501111509341,1.5,46.50642679900744
2019-12-17 03:50:00,0.046213809523809525,0.079584375,0.8311283185840709,31.38
2019-12-18 03:50:00,0.03876657506011679,0.08933821138211381,0.4583226253387536,31.489512195121954
2019-12-19 03:50:00,0.06331660577307076,0.10250883842387092,0.8712525262339682,28.302951807228915
2019-12-20 03:50:00,0.06673034188034188,0.11269181547619048,0.8750129585798817,23.4
2019-12-21 03:50:00,0.056968999999999936,0.11149069444444445,0.8750170925925925,21.96
2019-12-22 03:50:00,0.09883633333333335,0.25924179824561405,0.888914390625,-0.6099999999999999
2019-12-23 03:50:00,0.06880893719806762,0.12019687500000001,0.8125249999999999,35.0
2019-12-24 03:50:00,0.1424904794828917,0.26662546904315193,1.5,-0.711346153846154
2019-12-25 03:50:00,0.1378461279712548,0.30327017245494686,1.4263580246913585,1.1233333333333333
2019-12-26 03:50:00,0.08273327731092436,0.11252868589743588,1.1472297619047624,5.4
2019-12-27 03:50:00,0.07094508294040185,0.100206922456075,0.8749794633239171,23.055988700564967
2019-12-28 03:50:00,0.0835,0.19097500000000003,1.5,21.9
2019-12-29 03:50:00,0.0477253463927377,0.14327633313748528,1.2893052930056712,26.2345652173913
2019-12-30 03:50:00,0.0608826646090535,0.10666638015657935,0.8750119162043285,22.511604938271606
2019-12-31 03:50:00,0.04235334051724138,0.13086607142857143,1.5,25.0
2020-01-01 03:50:00,0.06787875564759038,0.1389108173076923,1.5,31.012500000000003
2020-01-02 03:50:00,0.06616124155937049,0.10399245748389535,0.8099964431818182,43.35979999999999
2020-01-03 03:50:00,0.08506676186541848,0.1484904578671668,0.8750032537857007,20.462765957446805
2020-01-04 03:50:00,0.1123306600978818,0.2875384023380147,0.8989922578965637,8.939922480620154
2020-01-05 03:50:00,0.1075436149636852,0.15327561923890534,1.172588645484947,16.451521739130435
2020-01-06 03:50:00,0.08056286021505378,0.2315797358943577,1.5,35.26
2020-01-07 03:50:00,0.0676274567721304,0.11102084703266552,0.8712089695025318,39.530903328050705
2020-01-08 03:50:00,0.07717094443350943,0.12268241975697829,1.1397249175486126,38.64983263598326
2020-01-09 03:50:00,0.08054114615384615,0.13093678571428577,0.8335365983026873,34.80766666666667
2020-01-10 03:50:00,0.08776406060606058,0.12323941992433794,1.5,40.92
2020-01-11 03:50:00,0.1332161850358424,0.17692833870621102,1.0991368534482755,0.655
2020-01-12 03:50:00,0.18648817150297617,0.33197626744697745,1.5,0.44515000000000005
2020-01-13 03:50:00,0.04113400579710149,0.10433828571428572,0.8740526985294117,46.616
2020-01-14 03:50:00,0.08561054091539527,0.12130744047619052,0.8750227265625,30.03
2020-01-15 03:50:00,0.09618284023668654,0.1823855228481925,1.5,33.03846153846154
2020-01-16 03:50:00,0.05393787878787864,0.10483485952380953,0.27455386960600275,38.79
2020-01-17 03:50:00,0.06021935483870946,0.13561502463054168,1.2840599999999986,35.269999999999996
2020-01-18 03:50:00,0.08372303404651817,0.15335283338327835,1.5,27.114647887323947
2020-01-19 03:50:00,0.08126202066118404,0.14140331856122015,1.5,27.740444964871187
2020-01-20 03:50:00,0.09370805015673983,0.1329575230345818,0.8350758305647841,20.930000000000003
2020-01-21 03:50:00,0.0887522165570017,0.15101177482057423,0.8763701265466847,37.410568181818185
2020-01-22 03:50:00,0.05756934640839458,0.12105243341831676,1.5,42.52539267015707
2020-01-23 03:50:00,0.1198710657370519,0.21117637189103836,1.5,49.21546448087431
2020-01-24 03:50:00,0.07676346153846135,0.17693830905936164,1.5,42.0
2020-01-25 03:50:00,0.08727153846153846,0.18665937500000002,1.3749999999999973,30.5
2020-01-26 03:50:00,0.06098486724386727,0.19437074742268037,1.5,27.17
2020-01-27 03:50:00,0.06154426173178873,0.10500758928571423,0.835442591853035,31.29
2020-01-28 03:50:00,0.09881717085021623,0.12899112042586247,0.8250418574873679,8.982380952380952
2020-01-29 03:50:00,0.11005630129516018,0.17929451302498678,1.425504314994605,43.18777777777778
2020-01-30 03:50:00,0.05518022337821299,0.12140670000000016,0.8750109974747474,33.13
2020-01-31 03:50:00,0.08515505537918878,0.118474283175853,0.8719034156378601,21.23922222222222
2020-02-01 03:50:00,0.14492780413740747,0.2823567577974586,1.1523684210526322,-9.999487790351399
2020-02-02 03:50:00,0.18583092360397402,0.2815601718862491,0.8875507439375256,-44.84
2020-02-03 03:50:00,0.04157261904761901,0.09500440767243093,0.8750203257415254,34.52733333333333
2020-02-04 03:50:00,0.05718846764503103,0.1241789419853889,0.8579316239316241,35.31115384615384
2020-02-05 03:50:00,0.08792466843501327,0.14349675324675332,1.5,29.200000000000003
2020-02-06 03:50:00,0.061632991087344026,0.1187625490196078,1.259280633088592,35.94228758169935
2020-02-07 03:50:00,0.06669500487574347,0.14021628196137667,0.9390422937569665,37.55940217391305
2020-02-08 03:50:00,0.08825004391044193,0.2175340320512821,1.5,18.91
2020-02-09 03:50:00,0.1983118046874999,0.28730528265851796,0.8749995432180852,-27.874000000000002
2020-02-10 03:50:00,0.14051634240949204,0.2919345162610499,0.9190176612903213,-6.997
2020-02-11 03:50:00,0.11771701724300843,0.26585488932524765,0.8922241338672067,-1.9093452380952378
2020-02-12 03:50:00,0.08637687529634896,0.17306087070913428,0.8705931265206812,29.7
2020-02-13 03:50:00,0.09462310212765962,0.15303581099425226,0.8750060179303278,27.698800000000002
2020-02-14 03:50:00,0.09139643522950573,0.2053818311898769,1.5,38.987826086956524
2020-02-15 03:50:00,0.10951807511737092,0.18039004386488414,1.0901095895686592,13.10718309859155
2020-02-16 03:50:00,0.17430789968253965,0.26293524457831324,0.8743283228498074,-19.318
2020-02-17 03:50:00,0.09205225791352378,0.138028202315934,0.8750063592687413,19.59980392156863
2020-02-18 03:50:00,0.10778469934640524,0.1689603571428572,1.5,32.64
2020-02-19 03:50:00,0.05986000000000018,0.13702453835227274,1.4352777777777797,35.35
2020-02-20 03:50:00,0.12029279404466545,0.18104423781305906,1.5,37.71
2020-02-21 03:50:00,0.11011666666666672,0.1519036885729456,0.812507201986755,39.3
2020-02-22 03:50:00,0.09707046505717913,0.25836168390433095,0.8750154533678757,-1.69
2020-02-23 03:50:00,0.08829615708478511,0.25378918467895734,0.8645821823204419,-8.55
2020-02-24 03:50:00,0.05841092816712015,0.12053643733334678,0.8709028496856759,32.00411764705882
2020-02-25 03:50:00,0.07433697662937024,0.13529522583559153,1.5,28.34983739837398
2020-02-26 03:50:00,0.10637512663581641,0.1782468071065505,1.4932448916532894,37.106428571428566
2020-02-27 03:50:00,0.09414272727272727,0.14085845871068264,0.9000088235294118,41.870000000000005
2020-02-28 03:50:00,0.07525525274090346,0.15738212374581936,0.805958112407211,39.75478260869565
2020-02-29 03:50:00,0.11182333797456606,0.30866709537259396,1.318041376266754,2.1851378446115284
2020-03-01 03:50:00,0.18919007326007334,0.2801279709775968,0.8910192578124998,-8.41
2020-03-02 03:50:00,0.043269696969696965,0.08672666666666659,0.4900282934388052,33.0
2020-03-03 03:50:00,0.09543323192488241,0.1301084227973988,0.7970577720207255,47.971999999999994
2020-03-04 03:50:00,0.10212507507507508,0.1365247180451128,0.8736486486486487,52.46993333333333
2020-03-05 03:50:00,0.08275150429021404,0.12289877322749414,0.32273431885342607,38.93222222222222
2020-03-06 03:50:00,0.061381778514222614,0.13304166666666664,1.2148701616854498,31.863529411764702
2020-03-07 03:50:00,0.13766254906011152,0.18122074468085106,1.5,26.32
2020-03-08 03:50:00,0.16646923365890287,0.310861659876615,1.4327771025765688,10.285895316804408
2020-03-09 03:50:00,0.07916272143340092,0.12281263043489005,0.8706101156700131,29.304425287356327
2020-03-10 03:50:00,0.07086417637083102,0.12668517592592599,0.8721446376811595,18.577999999999996
2020-03-11 03:50:00,0.0665431746031746,0.1198191666666667,1.3597275000000018,28.506666666666675
2020-03-12 03:50:00,0.13120979357260149,0.23874687428763394,1.5,23.183673469387752
2020-03-13 03:50:00,0.12932663813453024,0.1975548571370072,1.4556964687269804,36.12715328467153
2020-03-14 03:50:00,0.11065724537732945,0.19858642196070683,1.5,32.59268656716418
2020-03-15 03:50:00,0.15289493554327793,0.3814722775263951,1.5,14.61
2020-03-16 03:50:00,0.10782268584850271,0.14577259999999986,1.1795087719298274,43.117999999999995
2020-03-17 03:50:00,0.07339755636363636,0.12443350588235293,1.1751116883116854,34.5332
2020-03-18 03:50:00,0.06420345568783069,0.11282237897237896,0.9093740573152319,32.46
2020-03-19 03:50:00,0.10088223692585435,0.14294175734470702,1.5,36.06239819004525
2020-03-20 03:50:00,0.03809557539682542,0.09377929902912621,0.8412848268371422,28.21
2020-03-21 03:50:00,0.10602389527095596,0.20535223529411753,0.8967187754891864,2.242
2020-03-22 03:50:00,0.16418888888888886,0.17473521657250474,0.9366038461538482,10.936363636363637
2020-03-23 03:50:00,0.07549444444444443,0.09831159420289856,0.28698320135464805,25.4
2020-03-24 03:50:00,0.08945914634146343,0.11824023255813955,1.5,28.45
2020-03-25 03:50:00,0.06506112531969309,0.08850344431687737,0.2871835271317871,27.89
2020-03-26 03:50:00,0.05852521525215252,0.08457500000000008,0.18398245414346545,29.145277777777775
2020-03-27 03:50:00,0.09062591438412337,0.13640785953177256,0.9356047126436761,26.219999999999995
2020-03-28 03:50:00,0.08374119471308827,0.20686151729559776,0.8901865730337079,21.529999999999994
2020-03-29 03:50:00,0.19769757012987016,0.29809392496753245,0.8799411193910257,-16.629900000000003
2020-03-30 03:50:00,0.0659028037383178,0.11182093253968253,1.3456069335784688,24.709999999999997
2020-03-31 03:50:00,0.07780949938949949,0.13253599137931035,0.9263333333333381,33.29999999999999
2020-04-01 03:50:00,0.07344749794913864,0.12672875,0.8749558653846154,26.7325
2020-04-02 03:50:00,0.06245405797101442,0.14517608964143425,0.8749823735019974,30.550000000000004
2020-04-03 03:50:00,0.04492343677212733,0.11631913907284763,0.8749856840878829,22.515
2020-04-04 03:50:00,0.06431835196687372,0.10180730760233923,0.8750079800307219,22.24
2020-04-05 03:50:00,0.12609961038961034,0.2708176923076923,0.8998520454545456,7.678571428571428
2020-04-06 03:50:00,0.04806771739130434,0.08338423918918916,0.18693189775234417,26.79
2020-04-07 03:50:00,0.05534936708860759,0.07912640117994102,0.18750505182169871,23.25
2020-04-08 03:50:00,0.05976118721461188,0.10613947368421042,0.8355552884615385,17.9
2020-04-09 03:50:00,0.0590254896924868,0.10501104616216164,0.8058268137986454,32.00440860215054
2020-04-10 03:50:00,0.0438666666666667,0.08005328282828288,0.8368179133858267,21.01
2020-04-11 03:50:00,0.11289933333333324,0.1493180153846154,0.8750197264150943,12.724
2020-04-12 03:50:00,0.14107731074663402,0.26796737725018654,0.9703850000000002,11.185116279069767
2020-04-13 03:50:00,0.18559264285714283,0.33367384727061555,1.3128774207188163,2.89
2020-04-14 03:50:00,0.057569497607655604,0.09743889855072453,0.5705730487804915,27.31
2020-04-15 03:50:00,0.059460526315789436,0.13903354615384617,0.812509,34.09
2020-04-16 03:50:00,0.06986805667319132,0.1312016010741928,0.8084895662006579,38.68223684210527
2020-04-17 03:50:00,0.08319275057208238,0.10937959999999998,0.8124938095238096,51.05200000000001
2020-04-18 03:50:00,0.07283769050958394,0.1257286147460251,0.8750193862134089,20.22333333333333
2020-04-19 03:50:00,0.10239295238095238,0.23420158730158733,0.8931995154896492,7.507142857142857
2020-04-20 03:50:00,0.06038400000000012,0.1015422689326178,0.34225438911022577,14.06
2020-04-21 03:50:00,0.10407501407042617,0.20632145275653296,0.8420456140350878,8.2
2020-04-22 03:50:00,0.08217948717948721,0.12186768127057171,0.8749869047619048,16.6
2020-04-23 03:50:00,0.07490000000000012,0.11561592447452795,0.2988040790756459,30.14
2020-04-24 03:50:00,0.10069142664985288,0.1880369668246446,1.5,35.0
2020-04-25 03:50:00,0.09673926806664698,0.25158972388427897,0.8977187775175643,12.679714285714285
2020-04-26 03:50:00,0.12405172993416445,0.20754396662387695,0.9129971153846156,26.3
2020-04-27 03:50:00,0.062193124135124074,0.10265292305456578,0.8381520172908765,24.582063492063494
2020-04-28 03:50:00,0.08122427860696518,0.10498633697632055,0.8043478647686833,36.48
2020-04-29 03:50:00,0.06005024852958135,0.08177469113803754,0.3085962254153521,26.447681159420288
2020-04-30 03:50:00,0.06265613095238107,0.12346070736434109,0.875000152956156,13.5725
2020-05-01 03:50:00,0.2499141569397897,0.363879812206573,1.5,-4.9
2020-05-02 03:50:00,0.1189010307017544,0.270540221218616,0.8881902718058968,5.393749999999999
2020-05-03 03:50:00,0.09785482564679415,0.274105988851728,0.8932859840862424,15.3905
2020-05-04 03:50:00,0.06490251934678595,0.1192321033868093,0.8750205859528487,24.89
2020-05-05 03:50:00,0.07816761341222879,0.11851828415300546,0.8122437900641025,29.08923076923077
2020-05-06 03:50:00,0.06323278120184904,0.12800899621212136,0.8190750171512166,29.97
2020-05-07 03:50:00,0.05504260693021397,0.08100714285714285,0.2497732206504403,29.1
2020-05-08 03:50:00,0.06707626262626265,0.11206421568627453,0.8705516831683168,31.6
2020-05-09 03:50:00,0.10820444444444444,0.17351974306964166,0.955348571428573,16.92
2020-05-10 03:50:00,0.09658150891497025,0.2790292268309208,1.3966146199859273,11.73646551724138
2020-05-11 03:50:00,0.09940867826013722,0.11830101148851145,0.8279106951871658,10.060606060606062
2020-05-12 03:50:00,0.08984260485961651,0.11898425000000001,0.8069173245614034,43.88
2020-05-13 03:50:00,0.08004878608040834,0.12556413624851673,0.8749827185129214,31.967988505747126
2020-05-14 03:50:00,0.07862199623352166,0.12180033206534722,0.8093037043028146,30.52636363636364
2020-05-15 03:50:00,0.08015733333333332,0.12266366666666667,0.812518034682081,28.929999999999996
2020-05-16 03:50:00,0.15701251958333334,0.26150098856966325,1.5,21.445999999999998
2020-05-17 03:50:00,0.1574482275362317,0.33581091981562594,1.5,17.720227272727275
2020-05-18 03:50:00,0.09871121095421485,0.13298481237313473,0.874795871194006,31.794634146341465
2020-05-19 03:50:00,0.10516697045988588,0.15955281640947477,0.9982222222222217,47.83
2020-05-20 03:50:00,0.1361772609819123,0.14575780141843972,0.7913592233009709,62.896
2020-05-21 03:50:00,0.11232840000000004,0.16345151579393677,0.9053199999999997,22.18
2020-05-22 03:50:00,0.055394705700554756,0.10152999999999994,1.1541129999999984,15.900000000000002
2020-05-23 03:50:00,0.0960690243902439,0.2699465952157789,1.3284660714285716,6.499999999999999
2020-05-24 03:50:00,0.16285345454545444,0.3627536196911197,1.3190894736842091,-8.96
2020-05-25 03:50:00,0.06795356307692309,0.19481691313955457,1.5,17.09
2020-05-26 03:50:00,0.10830275641025645,0.14963297806496342,0.81209609375,51.49
2020-05-27 03:50:00,0.1769866874643612,0.14885964106514085,0.8060138714851386,67.10816901408451
2020-05-28 03:50:00,0.08989117241379302,0.11550333141961268,0.8075957446808512,28.98
2020-05-29 03:50:00,0.09160591346153844,0.10607247060857539,0.8063193359375,40.012499999999996
2020-05-30 03:50:00,0.06888591122139509,0.12869219583548464,1.177384615384618,15.999423076923076
2020-05-31 03:50:00,0.0982028054298643,0.2258411863670803,0.8871206963836614,8.698461538461537
2020-06-01 03:50:00,0.07845682151010018,0.12018411262857939,0.3330850523430294,15.921330275229359
2020-06-02 03:50:00,0.09937747355912063,0.13746076923076922,0.8114140625,49.3
2020-06-03 03:50:00,0.10320444444444442,0.14417009762900979,0.7990405701754386,75.60000000000001
2020-06-04 03:50:00,0.07649483828247204,0.12758209245242091,0.867514528665402,32.066478405315614
2020-06-05 03:50:00,0.09387000000000005,0.161050668767507,1.4270085470085483,22.18
2020-06-06 03:50:00,0.11044196009389669,0.3459242432195977,1.4100833333333336,11.56
2020-06-07 03:50:00,0.09005013118279571,0.17803706043956047,0.8926842042318308,6.8100000000000005
2020-06-08 03:50:00,0.07629888888888874,0.12742027822364901,1.138888888888888,37.27866396761134
2020-06-09 03:50:00,0.06898301336344814,0.09893113946705553,0.8237032520325193,31.76
2020-06-10 03:50:00,0.09345025663366337,0.14232326621923938,1.3405084745762703,25.22
2020-06-11 03:50:00,0.045457384638065736,0.09248791627762207,0.7276344174916903,26.645098039215686
2020-06-12 03:50:00,0.05872538733724968,0.11498014053952085,1.1494946236559098,28.028817204301074
2020-06-13 03:50:00,0.09357922394678488,0.1306797175866496,1.5,23.745121951219517
2020-06-14 03:50:00,0.10719622222222223,0.21136409259259276,0.8897745480656506,14.061
2020-06-15 03:50:00,0.06996470588235303,0.10093807915057917,0.7499882094016825,27.0
2020-06-16 03:50:00,0.10096039127134307,0.15240848410087715,0.8740678996394231,45.19062499999999
2020-06-17 03:50:00,0.11270854008060861,0.15624237171244895,1.5,45.0003448275862
2020-06-18 03:50:00,0.08822631913116129,0.16891573143249072,1.5,28.89493827160494
2020-06-19 03:50:00,0.09411016703999527,0.13802750420400817,0.8749838926669202,50.785
2020-06-20 03:50:00,0.09307442786069646,0.20344730619764742,1.5,22.21194029850746
2020-06-21 03:50:00,0.07071114200595832,0.1354454727968017,0.8928815463917527,23.2
2020-06-22 03:50:00,0.08386291686847487,0.11819580089235915,0.778564578552934,34.879018404907974
2020-06-23 03:50:00,0.09498654411764706,0.13632333333333346,1.5,47.12333333333334
2020-06-24 03:50:00,0.09762979083929044,0.13150932835820897,0.816875,53.50000000000001
2020-06-25 03:50:00,0.096979176201373,0.15595226294820713,1.5,31.33
2020-06-26 03:50:00,0.08498527025400263,0.12949160305343507,1.5,41.5
2020-06-27 03:50:00,0.11539999999999999,0.17422749999999992,1.5,33.379999999999995
2020-06-28 03:50:00,0.09937418776161075,0.37228418224864074,1.5,10.819364161849709
2020-06-29 03:50:00,0.09837166666666661,0.14163172268907567,1.5,37.00833333333334
2020-06-30 03:50:00,0.10431936507936501,0.15948533714285712,1.5,38.38142857142857
2020-07-01 03:50:00,0.10603282571182054,0.18614987912613284,1.5,40.21684210526315
2020-07-02 03:50:00,0.09888385111504747,0.16781477230483272,1.5,41.95632911392405
2020-07-03 03:50:00,0.06839747619047627,0.14033831666666674,1.396865714285712,30.608600000000003
2020-07-04 03:50:00,0.11414518411729224,0.27327798577884094,1.5,13.927979797979798
2020-07-05 03:50:00,0.1237007352941178,0.22737878967561925,0.9703260869565189,0.27
2020-07-06 03:50:00,0.08444121418089129,0.16533476366074432,0.8243177966101695,31.22
2020-07-07 03:50:00,0.07629371069182397,0.14148595127086785,0.8120452127659574,39.72
2020-07-08 03:50:00,0.0580423553719008,0.08983179487179486,0.7952156739811951,35.0
2020-07-09 03:50:00,0.06484896993651934,0.1435217333872637,1.5,42.3989898989899
2020-07-10 03:50:00,0.04449096665580537,0.09484697979797983,0.8351536787749287,32.91986111111111
2020-07-11 03:50:00,0.0696892685185185,0.1403511851056211,1.3147462368421052,24.930666666666667
2020-07-12 03:50:00,0.0843512345679013,0.1499910402097902,0.971805555555559,20.418333333333333
2020-07-13 03:50:00,0.05280520833333334,0.08176534252695988,0.3812003641917304,38.90625
2020-07-14 03:50:00,0.07037058823529409,0.12715908677184462,1.5,42.6
2020-07-15 03:50:00,0.06499921568627443,0.15449328787878783,1.5,44.58
2020-07-16 03:50:00,0.1078650398142004,0.1505045938618926,0.8125103901734104,54.209999999999994
2020-07-17 03:50:00,0.06126733884297503,0.1340244642857143,1.5,44.64909090909091
2020-07-18 03:50:00,0.09965976708860762,0.2323248431593138,1.5,25.154000000000003
2020-07-19 03:50:00,0.08728518518518519,0.16205459235209235,0.9734722222222226,23.51666666666667
2020-07-20 03:50:00,0.055704054054054056,0.09418817543859646,1.5,38.99
2020-07-21 03:50:00,0.05284000000000002,0.11164413160392282,1.1126760563380267,39.0
2020-07-22 03:50:00,0.04846683607517832,0.07966010638297873,0.6600953789893594,40.800000000000004
2020-07-23 03:50:00,0.05724951015531655,0.07885355555555557,0.874986908566356,42.79
2020-07-24 03:50:00,0.05116413116970927,0.11705040816326531,0.9312541666666668,36.92666666666667
2020-07-25 03:50:00,0.053610518973214234,0.14266969092721832,1.3019810185185183,29.7
2020-07-26 03:50:00,0.1748556643356644,0.3241918210905213,1.3018729139072849,5.940000000000001
2020-07-27 03:50:00,0.05275940794809406,0.0949227272727273,1.5,34.3
2020-07-28 03:50:00,0.028931702802163693,0.07082396734218613,0.2054816317110126,31.07988826815643
2020-07-29 03:50:00,0.040958985043622706,0.0764250654690137,0.57657276226133,36.32434482758621
2020-07-30 03:50:00,0.05453757215007215,0.10703636363636375,1.122857142857145,40.800000000000004
2020-07-31 03:50:00,0.07778814076246338,0.13875769953173775,1.2805969595847237,44.7058064516129
2020-08-01 03:50:00,0.08540529621456458,0.1335421775223499,1.5,23.0
2020-08-02 03:50:00,0.06274803359683795,0.1678453273338608,1.5,33.5
2020-08-03 03:50:00,0.038606568944099376,0.1336457639751553,1.5,38.80991304347826
2020-08-04 03:50:00,0.05340724290220827,0.1381299838282858,1.5,39.046
2020-08-05 03:50:00,0.09851763286073131,0.1336413108995278,1.5,39.07360655737705
2020-08-06 03:50:00,0.04289874155209715,0.10864779040404045,1.5,33.86700000000001
2020-08-07 03:50:00,0.09078580400998469,0.1378915015139003,1.5,43.9
2020-08-08 03:50:00,0.06539689495632595,0.16592464619669128,1.5,36.22241379310344
2020-08-09 03:50:00,0.07907229268292684,0.17430687666854328,1.5,34.930243902439024
2020-08-10 03:50:00,0.06327261904761901,0.14482612958226768,1.5,40.12102362204725
2020-08-11 03:50:00,0.055498629870129886,0.11193458565737055,1.2545194594594593,31.71
2020-08-12 03:50:00,0.07628864970645793,0.14812369933889044,1.5,43.46952380952381
2020-08-13 03:50:00,0.05197318659275018,0.13714344066446696,1.5,38.67181818181818
2020-08-14 03:50:00,0.06140911458333318,0.17882542129428547,1.5,40.42000000000001
2020-08-15 03:50:00,0.06442828685258964,0.2108804181929182,1.5,27.51
2020-08-16 03:50:00,0.0801105427547363,0.19263411752881265,1.5,32.64
2020-08-17 03:50:00,0.06344246457990133,0.1712479843073593,1.5,36.60000000000001
2020-08-18 03:50:00,0.08789469696969698,0.16868736263736261,1.5,43.92
2020-08-19 03:50:00,0.04547615384615385,0.11297829341317367,1.5,45.962418879056045
2020-08-20 03:50:00,0.06431649948087206,0.14112060624617268,1.5,33.5
2020-08-21 03:50:00,0.04799873053729557,0.13277860533600874,1.5,35.23931330472102
2020-08-22 03:50:00,0.0886968694463431,0.19597642276422764,1.5,22.8
2020-08-23 03:50:00,0.0849385668563301,0.1975210104985436,1.5,23.942297297297298
2020-08-24 03:50:00,0.08751004334039927,0.15102204579248368,1.5,53.53795000000001
2020-08-25 03:50:00,0.08889733790565407,0.15449349659863948,1.5,41.91142857142857
2020-08-26 03:50:00,0.09722666666666664,0.18412941176470593,1.5,35.13219512195122
2020-08-27 03:50:00,0.0903967877440079,0.1592874188945464,1.5,36.8381220657277
2020-08-28 03:50:00,0.10133650547536087,0.21009783029001078,1.5,33.086938775510205
2020-08-29 03:50:00,0.1042571428571429,0.19264492753623183,1.5,25.66
2020-08-30 03:50:00,0.08043939670007086,0.20154621309370999,1.5,31.193846153846152
2020-08-31 03:50:00,0.09503291125056029,0.1836149783634934,1.5,55.07181818181818
2020-09-01 03:50:00,0.11110543608124257,0.18529510148321623,1.5,57.75
2020-09-02 03:50:00,0.13163145812807922,0.23103309537223352,1.5,60.81357142857143
2020-09-03 03:50:00,0.0820341220931618,0.16945548110737482,1.5,50.43543933054395
2020-09-04 03:50:00,0.04748049999999988,0.13807390476190473,1.5,42.99
2020-09-05 03:50:00,0.11066561261524582,0.19399108636456,1.5,43.65309582309582
2020-09-06 03:50:00,0.06287559491094148,0.14094440828402366,1.5,31.073333333333327
2020-09-07 03:50:00,0.062334979919678686,0.1677179918052778,1.5,52.60180722891565
2020-09-08 03:50:00,0.1022054884624053,0.1732085106382979,1.5,44.09
2020-09-09 03:50:00,0.0688523099621492,0.1420466014173998,1.5,50.73484848484848
2020-09-10 03:50:00,0.09353083522807493,0.1600303919057377,1.5,55.18607142857144
2020-09-11 03:50:00,0.06570133779264213,0.1846261628430049,1.5,56.38
2020-09-12 03:50:00,0.12062513193995548,0.23371136667074882,1.5,36.10617647058824
2020-09-13 03:50:00,0.14085657894736842,0.3162864285714285,1.5,28.51315789473684
2020-09-14 03:50:00,0.09135858739837398,0.16301042057535958,1.5,58.70365853658537
2020-09-15 03:50:00,0.335017521367521,0.4051352438722456,1.5,76.09999999999998
2020-09-16 03:50:00,0.07166067383966244,0.3189296601920871,1.5,57.870999999999995
2020-09-17 03:50:00,0.06606731030012004,0.18796594623059878,1.5,46.937400000000004
2020-09-18 03:50:00,0.062306906721536374,0.1646215004236606,1.5,44.90592592592592
2020-09-19 03:50:00,0.08858991134751773,0.24160256410256403,1.5,30.489999999999995
2020-09-20 03:50:00,0.11158986666666676,0.2586930274217997,1.5,30.9
2020-09-21 03:50:00,0.19320733368005,0.6266495474909451,1.5,41.53005263157894
2020-09-22 03:50:00,0.08114543925233696,0.2270233043478264,1.5,65.30600000000001
2020-09-23 03:50:00,0.046147895652173906,0.11134546485260785,1.5,47.81978723404256
2020-09-24 03:50:00,0.10112761559674213,0.29874700126262577,1.5,28.798055555555557
2020-09-25 03:50:00,0.06355847299361288,0.21990172015709925,1.5,37.74884476534296
2020-09-26 03:50:00,0.07545878074852835,0.23597100490196066,1.5,21.45823529411765
2020-09-27 03:50:00,0.1296249884444444,0.786180697909223,1.5,1.4504
2020-09-28 03:50:00,0.1094809523809519,0.21762149122807017,1.5,51.25
2020-09-29 03:50:00,0.17277822497420064,0.25201399999999996,1.5,61.65
2020-09-30 03:50:00,0.07536965299684535,0.20161428571428566,1.5,54.653999999999996
2020-10-01 03:50:00,0.12634399479166708,0.18914758738805976,1.396602163461537,59.65112500000001
2020-10-02 03:50:00,0.11232741935483881,0.15594303015674693,1.5,51.10645161290323
2020-10-03 03:50:00,0.4533657888496544,1.5615492101010102,1.5,-35.02369696969697
2020-10-04 03:50:00,0.23074190353933607,1.6297654028436017,1.5,0.0
2020-10-05 03:50:00,0.08480903976377953,0.19312319177215193,1.5,39.04110000000001
2020-10-06 03:50:00,0.0705480007020366,0.1695423332003697,1.5,29.032195121951222
2020-10-07 03:50:00,0.1168810395707579,0.17859757614436614,1.5,48.1518309859155
2020-10-08 03:50:00,0.10091690987502201,0.1878938596491228,1.5,39.943859649122814
2020-10-09 03:50:00,0.08781322033898306,0.17284336917562726,1.5,36.79
2020-10-10 03:50:00,0.09581760858129215,0.2085934819347319,1.5,33.19409090909091
2020-10-11 03:50:00,0.1010389016253208,0.2817651731083289,1.5,21.648383233532936
2020-10-12 03:50:00,0.08383978580171358,0.17204519888215322,1.5,53.18232558139535
2020-10-13 03:50:00,0.08992755244755245,0.1935750310481867,1.5,48.172727272727265
2020-10-14 03:50:00,0.05248960000000002,0.17089716676040498,1.5,40.985
2020-10-15 03:50:00,0.13460089444444462,0.17356405012919893,1.5,47.15177777777778
2020-10-16 03:50:00,0.0745413417386883,0.14540938395198305,1.5,50.35920000000001
2020-10-17 03:50:00,0.10261899865000572,0.2237741502891216,1.5,32.7849947312961
2020-10-18 03:50:00,0.11743665868967097,0.31468149258983275,1.5,16.697827868852464
2020-10-19 03:50:00,0.16004773810836437,0.2094167781690142,1.5,55.98814285714286
2020-10-20 03:50:00,0.05748461829176117,0.1576472542614866,1.5,42.67928571428571
2020-10-21 03:50:00,0.06888452111562003,0.15758245317377728,1.5,44.33795698924731
2020-10-22 03:50:00,0.06796696969696972,0.15744330898152117,1.5,40.41
2020-10-23 03:50:00,0.0806776470588234,0.1741301999999987,1.5,40.080000000000005
2020-10-24 03:50:00,0.10995302089510586,0.3609413308700494,1.5,28.27
2020-10-25 03:50:00,0.22092272222222242,1.1201925079628898,1.5,-27.256666666666668
2020-10-26 03:50:00,0.07539325178453511,0.1758263283972126,1.5,37.1445918367347
2020-10-27 03:50:00,0.10053121278458811,0.28136780769230796,1.5,37.224999999999994
2020-10-28 03:50:00,0.09396983359926428,0.19858578599757504,1.5,33.05353233830846
2020-10-29 03:50:00,0.09299651330611096,0.16737251984126988,1.5,30.005555555555553
2020-10-30 03:50:00,0.1126682027027027,0.19266904464272885,1.5,33.29324324324324
2020-10-31 03:50:00,0.16997711084372388,0.2741988942658254,1.5,45.79213872832371
2020-11-01 03:50:00,0.26623778087999583,1.3908941747785617,1.5,-11.414592833876222
2020-11-02 03:50:00,0.107215794871795,0.22557074222359103,1.5,28.04
2020-11-03 03:50:00,0.07118866666666668,0.18118806003584229,1.5,35.00671875
2020-11-04 03:50:00,0.14573240740740745,0.1819394924172083,1.5,48.483333333333334
2020-11-05 03:50:00,0.12187752497225308,0.31059697918771473,1.5,36.75413173652694
2020-11-06 03:50:00,0.15045817857142849,0.2644215071405388,1.5,43.871
2020-11-07 03:50:00,0.10611621621621621,0.22518361581920884,1.5,26.56734693877551
2020-11-08 03:50:00,0.12007333333333332,0.2997211490837044,1.5,29.30512605042017
2020-11-09 03:50:00,0.0781671880952381,0.22738544933431962,1.5,36.04475
2020-11-10 03:50:00,0.09254674163783158,0.18437757801712235,1.5,45.91117647058823
2020-11-11 03:50:00,0.12340538720538721,0.21106235468188553,1.5,45.8
2020-11-12 03:50:00,0.07437542252822749,0.2181845817165551,1.5,38.07424242424243
2020-11-13 03:50:00,0.08094824224006945,0.23163302446057565,1.5,37.903542435424356
2020-11-14 03:50:00,0.09177176136363638,0.2116370339813334,1.5,32.71636363636364
2020-11-15 03:50:00,0.31231733104484016,0.3578766099140337,1.5,-9.32
2020-11-16 03:50:00,0.20041366990530093,0.30117896990140164,1.5,48.40212765957447
2020-11-17 03:50:00,0.09454036363636362,0.2288345654052835,1.5,36.63999999999999
2020-11-18 03:50:00,0.1231131066571224,0.32759068747198566,1.5,34.27
2020-11-19 03:50:00,0.12947857142857158,0.2129890488110138,1.5,38.18515679442509
2020-11-20 03:50:00,0.10429312169312169,0.1753417388920334,1.5,40.65
2020-11-21 03:50:00,0.11294025366837858,0.24351483490566053,1.5,18.895
2020-11-22 03:50:00,0.25713194623933827,0.8792800000000006,1.5,-1.0
2020-11-23 03:50:00,0.13690448717948717,0.3616184917038281,1.5,34.12
2020-11-24 03:50:00,0.11301943990929701,0.3437743056371589,1.5,27.02688888888889
2020-11-25 03:50:00,0.07998283226816227,0.2023961240310077,1.5,45.24377551020409
2020-11-26 03:50:00,0.21138031560439569,0.4393746305418726,1.5,49.258399999999995
2020-11-27 03:50:00,0.3025385324538586,0.43506271492004267,1.5,59.277916666666655
2020-11-28 03:50:00,0.05972037647058822,0.2058038722910217,1.5,36.89941176470588
2020-11-29 03:50:00,0.09272227459016395,0.31583712121212126,1.5,41.04
2020-11-30 03:50:00,0.11540684915606708,0.36717771936568017,1.5,48.91516129032258
2020-12-01 03:50:00,0.07645955061983468,0.17221399706176174,1.5,49.45190909090908
2020-12-02 03:50:00,0.2518277604433078,0.46467638737127115,1.5,52.34000000000001
2020-12-03 03:50:00,0.13717692307692306,0.35469746021364723,1.5,42.05
2020-12-04 03:50:00,0.08057259476735544,0.1819830503314753,1.5,31.574193548387093
2020-12-05 03:50:00,0.12851950424448216,0.2924343165841433,1.5,31.411578947368422
2020-12-06 03:50:00,0.12256450705467375,0.3427286010729613,1.5,33.1695
2020-12-07 03:50:00,0.17103497267759557,0.18737425044091696,1.5,60.7
2020-12-08 03:50:00,0.34484550884157344,0.5095220307596616,1.5,45.61993865030675
2020-12-09 03:50:00,0.2533899472131658,0.33951422146741844,1.5,63.73920353982301
2020-12-10 03:50:00,0.15275027281746031,0.35288483842585183,1.5,47.49
2020-12-11 03:50:00,0.06626516877637131,0.17378854405034333,1.5,40.21
2020-12-12 03:50:00,0.10051435512313779,0.17832184181334265,1.5,30.377681159420288
2020-12-13 03:50:00,0.10825500000000002,0.3680168900962618,1.5,37.05
2020-12-14 03:50:00,0.11305634224848066,0.2610691085046588,1.5,31.29433962264151
2020-12-15 03:50:00,0.10193521354933723,0.21683736190476188,1.5,26.75
2020-12-16 03:50:00,0.06378199999999999,0.2654838209098384,1.5,46.98333333333333
2020-12-17 03:50:00,0.06489777622935337,0.16033442327787156,1.5,32.48924137931035
2020-12-18 03:50:00,0.11166797093070244,0.24236067442381437,1.5,37.16006825938567
2020-12-19 03:50:00,0.118348721635169,0.27282994189073795,1.5,21.545864661654136
2020-12-20 03:50:00,0.09569502408441014,0.21188656356996122,1.5,32.803333333333335
2020-12-21 03:50:00,0.14717854948386078,0.24859681996360872,1.5,49.97353760445683
2020-12-22 03:50:00,0.2454759452094091,1.2167603300561827,1.5,-47.29
2020-12-23 03:50:00,0.10603670291431064,0.24151740481740488,1.5,33.616363636363644
2020-12-24 03:50:00,0.291128241702442,0.34526025817090705,1.5,-30.033793103448275
2020-12-25 03:50:00,0.4173020070216088,1.5475984630790665,1.5,-40.389655172413796
2020-12-26 03:50:00,0.13086883732452517,0.31192314139617605,1.5,19.981734104046243
2020-12-27 03:50:00,0.23173881578947353,0.32008772970526894,1.5,-24.403506224066394
2020-12-28 03:50:00,0.12198916666666662,0.23164155788388865,1.5,21.499999999999996
2020-12-29 03:50:00,0.1056242136965008,0.21433694527940172,1.5,38.17820359281436
2020-12-30 03:50:00,0.1243448298544313,0.2661196883378016,1.5,21.374864864864865
2020-12-31 03:50:00,0.12257902772143339,0.26157128339140523,1.5,34.10941176470589
