,CHAIN_insample_MAE,CHAIN_prediction_base,CHAIN_prediction_25,CHAIN_prediction_23,CHAIN_prediction_10,CHAIN_prediction_26,CHAIN_prediction_7,CHAIN_prediction_12,CHAIN_prediction_8,CHAIN_prediction_17,CHAIN_prediction_4,CHAIN_prediction_27,CHAIN_prediction_19,CHAIN_prediction_11,CHAIN_prediction_6,CHAIN_prediction_16,CHAIN_prediction_22,CHAIN_prediction_13,CHAIN_prediction_20,CHAIN_prediction_9,CHAIN_prediction_21,CHAIN_prediction_0,CHAIN_prediction_3,CHAIN_prediction_2,CHAIN_prediction_15,CHAIN_prediction_14,CHAIN_prediction_18,CHAIN_prediction_5,CHAIN_prediction_24,CHAIN_prediction_1,MULTI_insample_MAE,MULTI_prediction_base,MULTI_prediction_19,MULTI_prediction_8,MULTI_prediction_22,MULTI_prediction_7,MULTI_prediction_9,MULTI_prediction_11,MULTI_prediction_23,MULTI_prediction_12,MULTI_prediction_0,MULTI_prediction_25,MULTI_prediction_17,MULTI_prediction_26,MULTI_prediction_10,MULTI_prediction_20,MULTI_prediction_4,MULTI_prediction_13,MULTI_prediction_6,MULTI_prediction_3,MULTI_prediction_16,MULTI_prediction_14,MULTI_prediction_27,MULTI_prediction_5,MULTI_prediction_21,MULTI_prediction_2,MULTI_prediction_15,MULTI_prediction_24,MULTI_prediction_18,MULTI_prediction_1,actual,naive
0,0.32394852928153756,42.37861519119694,42.55733100272768,42.19982663609331,42.55739473228161,42.55678105331636,42.25941957563495,42.198973351478685,43.00727143483363,44.398808170709756,40.999671285043725,42.55697753135523,42.557618367546546,42.55728525680084,42.269824777556465,42.55754926841319,42.1993329967054,42.199672804365406,41.170134654877145,43.62174571577432,42.381765273565335,41.880779418123744,42.199438753909405,42.557339676806215,42.78443153218519,42.25666235946295,42.5573123127037,42.19921017161971,42.53553721569705,42.558207396111406,0.32394852928153756,42.37861519119694,42.557618367546546,43.00727143483363,42.1993329967054,42.25941957563495,43.62174571577432,42.55728525680084,42.19982663609331,42.198973351478685,41.880779418123744,42.55733100272768,44.398808170709756,42.55678105331636,42.55739473228161,41.170134654877145,40.999671285043725,42.199672804365406,42.269824777556465,42.199438753909405,42.55754926841319,42.25666235946295,42.55697753135523,42.19921017161971,42.381765273565335,42.557339676806215,42.78443153218519,42.53553721569705,42.5573123127037,42.558207396111406,42.809999999999995,42.809999999999995
1,0.3349780775654001,42.129743090630605,43.03559552705116,41.99633295560129,42.449833197465146,42.15944402685801,42.118686990505594,41.820976194143164,42.587327098236436,42.50553099089462,40.92718395304547,41.86448450277672,40.97979194779378,42.053093406709976,41.82887175466127,41.88145563417535,41.80522620434489,41.80855056967695,42.29901177784232,43.26306721156608,42.16743802827651,41.71110040497335,42.37247335402515,42.33420296345696,42.516686622815655,42.09175261953453,42.38898385158964,41.81225752012439,42.35780122555986,42.28688349580272,0.32696543080648816,42.1765445103612,41.05646232758318,42.56707527283459,41.90006728563994,42.14697764799167,43.32916229120218,42.15524077038408,42.054700561941225,41.900336703479475,41.865316799177904,43.01458745462092,42.4525771327581,42.25950180879023,42.458692097340645,42.452470809577605,40.95536880353051,41.90112850164383,41.900464385502765,42.45299826602955,41.900472745774024,42.11477557520942,41.899377313648024,41.90038342112108,42.242221639951524,42.45235808831864,42.45318786547307,42.381601055256866,42.45169433006781,42.34884311701927,42.809999999999995,42.809999999999995
2,0.35278963299130933,42.15068829332484,42.71327462893839,44.986779930773174,41.74862307616201,41.87123887790448,42.10263218956024,41.90265287369283,43.77163442172032,42.53533760106174,41.355431895652245,40.17577410975987,40.64351841259807,42.14964250981663,41.755910761798546,42.44086961022764,41.76597262999733,41.77134446284237,42.38061935136623,43.47168237022511,41.90869864532606,41.68246653214359,42.450955482666814,42.31920310679048,42.59856160847814,42.415182130472026,42.33615110221966,41.77507184440988,42.125397118155085,42.36123151457284,0.3405035333531847,42.179378298754216,40.57361431609751,43.988973673725866,41.88586623268835,42.11177896604458,43.58369605107879,42.215551825513685,45.095302697613015,41.88600101357817,41.885397733081305,42.7395664090099,42.472411943579324,41.885919670652065,41.88723896868823,42.47263062229156,41.31146360284648,41.88702509879771,41.71922946513191,42.47223546981148,42.4713429727248,42.47165504087843,40.290522966831986,41.88747681600864,41.9808813096467,42.43914146821678,42.47263467800337,42.11634840182006,42.38003897562719,42.36961453474033,42.809999999999995,42.809999999999995
3,0.37174491449378744,42.33875260660724,44.88855895336355,42.08997096757303,42.00539847466071,42.041587268210634,42.49396310952196,41.96802254238853,43.86637348996245,42.708911275208145,41.61249862799468,40.08506000894343,40.69958636475036,42.64121283779213,41.69926055123856,42.666303594183795,41.9152100857967,41.92306442864048,42.6290318556543,43.79616504578917,41.731053081149334,41.824316689567375,42.68229062394683,42.571991980200984,42.82582807408657,42.65200171496314,42.548049989291655,41.93871673140661,42.37807570895798,42.64966105968641,0.36243592448536516,42.40172752332737,40.51556448915302,44.170487073625715,42.11531231573318,42.58877293376465,44.04219400154093,42.688637503423,42.11600558520096,42.11551018425963,41.79600016698881,45.09407659224403,42.68910790105005,42.114411071958386,42.1143157783734,42.68926506612938,41.62092457730973,41.92132915588103,41.59341097615054,42.68784668384504,42.688475112480184,42.688485134394895,40.27798806584765,42.115236280565234,41.942566126672645,42.67815993832167,42.68930659675018,42.4161707448834,42.610303954489616,42.65755578289696,46.050606060606064,42.809999999999995
4,0.3562252214901394,42.41499558974388,46.236713159887934,42.10441090762109,41.15012911568447,42.04870998836605,42.09362645567208,42.11976343862136,43.529329878544026,42.96330467150313,42.3362427522586,40.21251085110624,41.009707853360794,42.279705472759275,41.862076320988635,42.043080554896974,41.868597862282655,41.89999664741916,42.77474497512071,43.41194904154997,41.92217443032583,42.26335153072509,42.866083763407275,42.61227900997382,43.30736337000908,42.5355339431854,42.304808024282515,41.9205368313124,42.47497968575173,42.87663674450751,0.34483202873002045,42.35224152980427,40.554853787754716,43.94616667852857,42.02499011889305,42.025423207792294,43.49275278770139,42.16843991967194,42.025726677892536,42.12263669146764,42.02589135337587,46.41016180361048,42.67929737962341,42.02621214946244,41.03371560916164,42.679132076595465,42.025795714901925,41.93415594043045,41.88627221225406,42.67839826126242,42.00897922836003,42.67924245950963,40.34491632782248,42.02592539264356,42.02562159534611,42.58764979755869,43.34590004791,42.46675400269192,42.26021828427781,42.67807736939844,43.04,42.809999999999995
5,0.36688448591713335,42.268686743563556,45.202038179252575,41.89722532115869,41.062152677972755,41.85036204970439,41.877294486070525,42.45788588217271,43.47016937218309,42.57327588260711,42.20498992502346,40.3062165009166,40.89225026541685,41.95340363516852,41.684951876245236,41.9184817174495,41.643318577687474,41.69133149053946,42.66879857066564,43.32335604956582,41.70077062829872,41.5709503073367,42.788734329202256,42.466983134095635,43.073554157637716,42.45400617476166,41.98434691877955,41.69716553882356,42.33125388091347,42.810532821024275,0.35459337504300686,42.33699360959447,40.45410762689848,43.89783805924354,41.99017259043359,41.99075607036554,43.37836738857315,41.99073373246805,41.98975545686706,42.52459379454613,41.307685254130774,45.46248421356667,42.6837564013911,41.9914383105372,40.95943770011472,42.68320036707423,41.99082134808256,41.99141016117047,41.99184876406671,42.68343705924105,41.990996246849924,42.684373771317624,40.29723779749719,41.991185526501795,41.99145436300517,42.575027553509265,42.99443228463567,42.429452109548414,41.98985417621344,42.683035369674656,43.04,42.809999999999995
6,0.40516376225064016,42.24174166038852,45.71331254089463,41.82622976127105,40.19890349278554,41.82512619772701,41.78191951066158,42.48208650914971,43.74713748747587,44.316987667898864,41.59592087859085,42.04288630640397,40.51151076025496,41.5228037080493,41.646816862994505,41.867082167203066,41.58000779633696,41.637894626965625,42.67533567807312,43.24307553171433,42.12608535690498,41.556709176187454,42.77754723003914,42.66323591206167,42.63236104239113,43.45225764664836,41.915566422328595,41.65469346505675,42.20916664162747,42.80344791197313,0.39934404209168356,42.13157211474604,39.6782603489342,44.61120271195778,41.81704165763704,41.75127375864675,43.06913071253087,41.27081689570064,41.81716743018973,42.4452208910451,41.072044700501856,45.8955636673582,44.37235016405362,41.81712504496878,39.67812133738786,42.44613186685575,41.817633132133686,41.818127245593935,41.81774146481305,42.44495654075188,41.81741719048923,43.70541484189497,41.816085502945384,41.77643460663442,41.816934376380416,42.44504055940541,42.44616561558307,42.21504256652842,41.8179538682678,42.44523384475952,43.04,42.809999999999995
7,0.3926277835392817,42.259195674617686,45.7770383797282,41.78164921151201,40.60774765741251,41.75126953117504,41.31873643769083,43.426770569286866,43.733747453613645,43.74695204600137,41.4033257218782,42.26842924211302,40.723998972790184,41.71199712834084,42.302226884568086,41.88904858069579,41.45626114741162,42.34837677251867,42.79385467291028,43.3557572635034,42.337108096460945,41.473573950595366,42.98542999433281,42.78999543406121,41.49473995148537,43.08682392598663,41.838416039514456,41.242591680626106,42.02659428768375,42.95772593339971,0.38381954477841806,42.10122969337144,39.94095770337048,44.30741561435327,41.737424433797024,41.01943257053265,42.51459872596237,41.737535150507185,41.73846856714407,43.14480294529093,41.73864047336132,45.94741279432813,43.97623531588528,41.73814112632782,39.805656694864105,42.46408353958821,41.03575286524764,42.46398025465904,41.88336665221369,42.858438489757965,41.73823138887405,43.34430921346501,42.387821890199724,40.53077769801894,41.73729222147236,42.46428337630987,41.73846662309982,42.01832865604053,41.73847274541484,42.465670410883426,43.04,42.809999999999995
8,0.3796530291297963,42.476335459221964,45.981953157794564,42.04210605190814,41.0773558156416,41.92820812651847,41.5399581850066,43.342343015298724,45.322019744617855,43.861934198140474,41.55807097432506,42.70989266396614,40.918168413296925,41.83708950897795,42.5987804223769,41.94100017241417,40.69557749002187,44.87377252034848,43.07923927630657,43.62905790915964,42.7502784978392,41.573225142484496,43.27345919784739,43.07132608314396,40.51936061673841,42.581936974064135,41.97359731743169,41.600952457638314,42.076115959069135,43.16030637127374,0.36747447461847804,42.27979434203136,40.42353128656065,46.16283490611324,40.45196761279726,41.014355656027824,42.85330426616644,41.89360529419545,41.89579605264216,43.20312660142448,41.56863015141172,45.981615565123015,44.030704244485335,41.89477393082267,40.15168933145633,42.66478298721859,41.43842609457064,43.94935978011886,42.05543733834601,43.144817011019626,41.894949866129366,42.665970058521395,42.66514775400027,40.594068224877105,42.66555629571127,42.66588002033874,41.07086819267458,41.89527033865497,41.89486720265634,42.66543308246263,44.40467625899281,42.809999999999995
9,0.3721970966996952,42.86424477704702,45.87226206320762,42.38497991969386,41.48889866548328,42.24701822674392,41.23241538951587,43.56026884214829,46.34245543301619,46.13137449151454,42.31484491207894,43.094869758553244,41.167405873880696,42.14101818251221,42.16133169541308,42.23683348686845,41.042882917808896,45.08288620334604,43.57877312526442,44.23265433169749,43.20645402208292,41.94101151717995,43.758274735252385,43.36363570619262,42.29579529799511,43.02138966593397,42.272161883306055,41.88703924396216,42.343450543912574,43.60544504791142,0.3530356754105094,42.41641279579396,40.494638946378714,47.01119984759408,40.347670991256535,40.41109469945576,44.28636817582778,42.001461040557395,41.999512246261716,43.15572515618732,42.0004558955215,45.71277487178909,46.36919393291333,41.99913560237432,40.679051530766664,42.83392930409882,41.99906422264663,43.97875210113111,42.00014826401597,43.35235776192184,41.99981192901226,42.83381757004462,42.832522946602005,40.99269395042132,42.833959822473645,42.834585240780065,42.2652444614514,41.99814025529781,41.999273247,42.83405524830251,44.40467625899281,42.809999999999995
10,0.37137558145990185,42.940784563111755,50.33878681622656,30.630030134929974,41.456010897239054,42.27855607171231,40.04568944562376,43.69060385026266,46.538161979846045,45.47721353934636,42.633264654896585,43.19719914464602,40.9645370131997,42.11770168235964,42.134290095483706,42.20154088807213,41.410248568768225,43.85223850344477,43.771832290045516,44.41475501060849,43.39496986123454,42.771198975748696,43.9101673978911,43.43283671111886,42.616111641324274,43.0032628408015,42.23249073181132,41.834363614259765,42.306815425821156,43.734407110788275,0.3503201454067543,42.52566932335048,39.52847557050479,47.146915036366806,40.58173357577714,39.01303766294661,44.318969871449774,42.068375418583265,30.593721090519274,42.98214997278997,42.06654028382235,50.18083659297207,45.66101775220421,42.06679604427891,40.471076759274176,42.981584824159654,42.069779351249,42.98246697392103,41.994763025809796,42.98458770889429,42.06901473697806,42.983073799120184,42.98307012038195,40.42791926513216,42.983723045544515,42.98306712024714,42.52917876610204,41.92675995990751,42.068749719207275,42.98333190356764,44.40467625899281,42.809999999999995
11,0.39664284604851513,43.44572204904825,49.45418052130619,32.41921527859346,41.992191807267616,42.75017536449674,39.730898099990156,46.47240070641378,46.8113953715347,45.870956113352044,42.735991907007616,43.87397738824931,40.01011754036812,42.594047195859915,42.66476670545468,42.661473225682215,40.740830554958215,44.38274037259052,44.31353098500983,44.95738890618369,44.56892052881872,43.2374663169627,44.42694588551568,43.84483628640173,43.732505668167185,43.577525135457634,42.69575005923311,42.31234366815188,42.08108758375624,43.85542796328455,0.38047137617206633,42.803176330959275,37.836558924515174,47.266698082516896,39.22609278556626,38.197319199407964,45.12955646416415,42.34052333613179,32.40665372673959,46.21891099669164,42.373101507964606,49.23325790506809,45.90561395605076,42.373556012729786,40.60220621448996,43.23283355281446,42.375575937112785,43.231798000830295,42.37314355897391,43.23381173212149,42.37284844495974,43.23326949870184,43.23189130780599,40.55221343005505,43.36379146097511,43.127552552793546,43.23276408582174,41.12705052049123,42.231727303528686,42.962188279554965,44.40467625899281,42.809999999999995
12,0.3919600845359768,41.87015767433189,51.503492814788935,29.386800474351894,37.64846408684468,41.96154510455345,26.12045081278003,47.68245857128448,45.07959123161562,42.42837527482496,42.01460838354953,42.508517532034745,40.239970108136504,40.887286340472535,34.89088328780152,40.625040261021326,35.662685215730875,45.67935716657727,42.538417624977185,43.405716878474124,42.74836110879523,40.81961645727957,43.012229631551016,42.73473153211523,41.15249709889454,42.59642660063569,40.9443707780774,41.49696764986947,40.970717458043765,42.924049909246556,0.3700228151495585,41.41922975309554,39.37233554297929,45.302962123091845,34.078403658828904,24.52658077392811,42.82111744894653,40.882915263708355,29.967087110136628,47.382073851869805,40.3567839899942,51.22914421232566,41.93829023516988,40.900029484381605,35.65178890259427,41.93693528099232,41.23042744962227,45.03524903789337,33.52319728542151,41.937620688644934,39.80631011239319,41.93803017371514,41.93678829169115,40.90136047571725,41.93755325415617,41.936027473752915,40.900892227552845,40.9007071815306,40.654306639946775,41.935070902107384,38.629616519174036,42.809999999999995
13,0.3942617723148213,42.46836729437398,51.02762006695241,33.575951030557746,40.16144893941202,41.77009209208846,23.8764661233935,51.15602114468152,47.83077774674735,42.87361160167006,42.935864319056265,43.18137884375496,40.341614445811985,41.44671426872736,41.91666663908448,40.64126637049997,36.971748991683285,47.258850801608524,41.724219387991354,43.789680164222965,44.43738242126217,41.33002918052526,42.44026446338065,43.37412520118092,41.61916846116867,43.321140474233616,41.514682793157846,41.78873941004409,41.52843158351728,43.52967226150505,0.3657798981199066,41.95353710384719,39.25373831938868,48.382199986652786,35.633320513907904,22.634550810506273,42.47635337436907,41.17178809232618,33.454836379670525,51.12109404198095,40.2012478377131,50.903800071231274,42.475027345750256,41.431972005788275,38.66226691742179,41.433017652895806,42.4782068061399,46.62654541090924,41.42851136516607,41.570458986920464,39.71062828163498,42.477333173368685,42.475848825633925,41.43036161375002,43.73010640747636,42.47729772549121,41.43024193418196,41.432132786934446,41.39141583969572,42.47735309222523,32.493907103825144,42.809999999999995
14,0.3990359539823625,42.3649353492785,59.2010511561522,34.29492000167312,39.83166897191093,41.86332403363834,20.333776504997573,49.22758632781864,47.31628943527542,42.68317238889897,42.938254302005696,43.937202432316425,39.972519887397,42.119934646504255,40.785811783682924,41.04147687641006,35.933460129303654,46.72424992842379,41.90036905152874,43.7170457585863,43.46508893043111,41.22002042581133,43.06720833688583,43.3417174610796,41.57630709313276,43.476363828894236,41.362729353306754,42.41388829223014,41.99663080804076,43.34754570552916,0.367739543214425,41.619865414869224,37.87306351194957,47.79859183805864,34.137192882866,19.0850238142647,42.147691150032635,41.08957122645842,34.28763743946736,49.19166043649358,40.58342863763402,59.070062196110506,42.14962770314113,41.091127089707754,37.801381865497724,41.090100018878346,42.14860051181566,45.87549835487632,41.088660565286354,42.15180066103425,39.92092057079369,43.29768518897971,43.22947056272996,41.4081444396573,42.14967959027706,42.14788770997436,41.090066560605166,41.090013414632494,41.08862137499362,42.150779842109124,34.9,42.809999999999995
15,0.38743346180989324,42.419115724539466,61.799515646342535,34.96224938748488,39.97486116102489,42.83399671275548,20.108558787059888,48.336641612883774,46.17776084469063,42.73345217300997,44.09591647676745,43.18960342787801,39.62794364716403,41.31134968775609,42.01338124819897,40.9786434211566,36.73170447807982,47.095697910072246,41.8701271809782,44.036073134548836,43.600918161788314,42.2542002639681,43.67211545161564,42.642355411014606,41.95609559853545,43.706714969281144,41.787536631603984,42.56254999028841,42.51039533487125,43.582925831202324,0.3587794165859999,41.489149994578376,36.97193711515296,46.02417527662728,34.45152813678542,18.652409879167536,42.17710184155604,40.89616468650402,34.62923944213695,48.08812203182239,40.89646455398932,61.31634751139197,42.0838822193089,42.08566942027261,37.82256781487319,40.895504169607776,42.78635143048926,45.83087606384177,40.894832666030645,42.17637621574904,40.540969212754575,43.21661858891529,42.08156818886502,40.89455543042215,42.08097335838499,41.925510348807315,40.95003974348782,40.89484242838094,40.89545925872768,42.08418995106526,34.9,42.809999999999995
16,0.39754132168051676,41.9318679894136,62.79227614750223,33.71223266235147,39.32784617780356,43.06533434814102,16.648163868020188,47.97770636827928,43.844730881296385,42.20907873199168,44.122193549782224,42.52281265458983,38.54518961339951,40.5870147626953,41.65053064701485,40.3608591581977,37.52135187474601,46.4282651443726,41.38076451535817,43.54136431337777,43.240953057273664,41.88265671776252,42.60011016485311,43.59727587834239,41.302510723538084,43.311622045928615,41.519374177316166,42.09545833894325,40.937900639351724,43.102369545083725,0.3678785289418571,41.27247447866071,36.19470008739775,42.71178765285853,36.32725992528814,15.351557380449961,41.915279621511004,39.014352271684274,34.31320134896478,48.25489474724101,40.68702699927397,62.35685108343212,41.858719205340606,41.87008429991448,36.942966007459795,40.68546471997179,43.06588120528315,45.648345890202734,40.684405756944685,41.85936791084925,39.24544017754238,43.11378136474437,41.85630397282926,40.685707510302564,41.857635717259775,42.9009179772925,40.68768390969237,40.68801981185176,40.68723410922575,41.858518267123195,34.9,42.809999999999995
17,0.3908499371222067,42.146485872117395,60.97398823582071,33.245590716138004,40.592884737536124,49.322346426482625,33.96851044794986,47.18483679153947,43.78161306859048,42.786777063304385,44.04234395333518,41.51970790049327,39.34522898329604,38.8272825244209,42.095531988694496,40.41119343704612,37.83734743092549,45.60910037860397,41.41891737862888,43.80664913677844,43.51840443632577,41.25429473035317,42.44241151415335,43.875779650722386,41.84264584791161,43.6554828627061,42.251017159474905,41.10601526935864,41.37333504810419,43.2690583828495,0.36360329967020055,41.67155412285288,37.71436070442332,43.22284576183599,37.46740357954127,33.902698051692184,42.29046962127591,37.425761322391445,34.25870821980771,48.2520172732336,40.98961569473311,61.02093890261811,42.29046399729152,49.017939653720376,40.368669759621966,41.05278883031465,43.741919417852884,45.48915816323773,42.03045105645493,42.29210112247934,38.66548882100462,43.72612263262801,41.053157123458725,41.05257110476633,42.29203134355428,44.059558138752855,41.05229257818734,41.05069895528137,41.05046983596199,42.290852104608625,42.18661654135339,42.809999999999995
18,0.3419410924448982,41.94006534737433,53.770938738008724,31.01968917492129,41.23042009193607,47.702586160755914,27.894951740917342,47.20176777745621,43.26682261886327,41.56572860639152,43.590387944821,41.107403219939656,38.79535742674426,37.21030643550603,42.967501305224935,41.77597822597917,38.187902729974105,45.20253570530396,40.88894200067839,43.28535821661774,43.645379774892795,40.44014702469725,43.34631158217174,42.42659214365464,42.37567630106581,43.63686619309115,42.340060153007805,40.6372213345119,42.16879100192709,43.585752459937865,0.30472052971455016,41.78988012621469,37.83545200136598,42.5619721488485,38.19899729096537,27.408807167426275,42.56397382239676,35.43134429388494,32.523475175049185,47.980497354887106,39.8133064808093,54.462424856640176,41.0144049623794,47.79541025539979,41.0161056025454,41.01505129364726,42.75553868259696,43.508150659571115,42.56143527144231,42.56529050485857,41.018676095329404,43.06543319324858,41.014973952837344,41.019076471345855,42.56347632334161,42.56516883197701,42.27806031560495,41.016035070570865,41.533168867001066,42.5665024844443,48.67970873786408,42.809999999999995
19,0.37912811239452016,42.25733440707117,52.321834004111736,32.04886148445354,41.61653843673701,58.61775669146183,26.91176054560559,47.6688365675682,43.94623718527676,42.291679612316806,43.600653690059616,41.3823640052931,39.222212472854814,38.9414600817036,42.67195458159213,41.996810066781094,37.092327575658395,43.69438022679193,41.28743868629525,44.11263098174499,43.909588213584314,40.81642220296927,43.64768088444328,43.61115681847475,42.29254301991218,43.8311725707335,42.658979494405855,41.97057771925385,42.04536780582543,43.96199542172829,0.3513140705988765,41.87217531406033,37.632558773698555,42.806044529318285,35.70487563531058,25.727680154703577,42.54918823812432,36.712715955391594,33.64979045157323,48.63990791363398,39.89710274980558,52.61555677609813,42.16324221694678,58.352881481717915,41.19382523127023,41.1887254215121,42.55358040806189,42.554578682485264,42.55167761113924,42.55363559024933,41.19393760532098,42.75560256175707,41.19282916253427,41.19350494746128,42.553039978961884,42.54913938014405,41.192976250431606,41.18971203924657,41.79900542014762,42.55330088125834,54.88117647058824,42.809999999999995
20,0.38886032537579635,42.325489312071994,48.82018144644535,34.48830409139733,42.74523345082588,65.58607985644265,35.211512249142075,50.300211393948246,45.501265783856276,44.42750096697003,42.029936760213374,41.38362766789709,38.39064032323322,38.691096044187056,42.90600798420857,41.01622590108958,36.849001458993584,43.584181574978416,41.11346325017555,44.374727127209646,44.04323858862671,40.66452430046784,43.9738264259989,42.34830287759329,42.157679457424244,44.39273614817253,42.67385015613952,42.00702440946093,42.20161665175461,44.272682453960876,0.3657329206896595,41.833957190829054,35.45581688497941,44.52702321695815,35.36831849672505,35.07623029637984,42.54721779313927,36.15755654054651,36.02666969981998,51.29592073547758,39.895969447902644,47.12215875243882,44.22496227953254,64.74608895348928,41.41854220717105,40.39301259599412,41.123176441087054,42.54505300496375,42.54753661070345,42.79734116693766,40.60136848732552,44.42974700026063,41.121251745838315,41.12128323213569,42.5489025845873,42.05238502754774,41.209388586267536,41.123354749326786,41.122743353726655,42.54676855059012,61.68756521739129,42.809999999999995
21,0.3978125814718993,41.817823960879515,41.34677410546918,34.56992890178714,42.69485161646742,69.22897078314439,35.212587534892414,50.70638622167618,44.73457860663781,43.98982931080023,39.96957437045613,42.52331499214774,38.177063379388514,38.898083434028976,42.71717895936787,41.68749814826908,36.449705621227466,43.72727828498515,40.53269549233431,43.84489879050496,42.11570977192674,41.526345355229914,41.76463580268583,43.21795147302755,42.24893290148132,43.59473406211751,42.38872312962762,42.17411220373266,40.65201369788776,43.95729181223116,0.3733998388632557,41.62054349281362,35.42778662714717,44.41126586427638,36.14423669267366,35.79898795408139,42.35021259331074,36.52858702565808,36.04140632538636,52.37024045567297,40.889613728247674,41.49661013653184,44.117425509380794,68.91563498727436,41.97681114677027,40.66481064170174,40.686142733387065,42.353377502480996,42.35049207777357,40.89643718528713,40.89096653124983,43.189390584839785,42.35214164492929,41.63539299317325,41.72316807269569,42.34839999523084,41.25257947187665,40.89075520706347,40.88915161987302,42.35340794199247,64.07626506024096,42.809999999999995
22,0.2707736369432382,41.7320341596031,43.2820986256885,37.23907880246573,42.462558297309634,62.41058557730947,35.44224563590958,49.71007232452636,45.1283078205093,44.69812901458207,40.227491350580756,41.1505933489058,37.60696979293782,38.25510111604225,42.957829677492036,42.4362557677119,34.5894355926063,44.004073828548655,39.94956926263533,44.271282903365226,42.18301016965256,42.005656337184206,41.19167499513053,43.88773275225701,41.43566111499061,42.728594673101114,42.923552798653176,40.431619496833854,39.954193929759114,43.747953453622166,0.22239061723134584,41.67171674331396,37.4092066263745,43.28001714228335,34.671148991497574,38.69442337001015,42.913064233094175,38.73365463658774,40.428507913760576,50.64936067345654,40.42992573050205,42.90767003855838,43.698437360925936,61.151259413345855,42.3005604422297,40.427402707790364,40.425423284829876,42.91258244722493,42.912158247911606,41.34981077278918,42.91352723566722,42.90939188145665,41.80004499956443,40.42641333776751,42.787341890821175,42.911548231057075,41.062343695744474,40.427238257445666,42.49105466591756,42.914291546849704,64.07626506024096,42.809999999999995
23,0.39181078727693147,41.47633580138076,44.411766314540486,36.70622414212097,41.44273128329112,65.64108692377597,34.14828835462466,51.19033254512091,43.14525539649597,43.51557000316771,39.37182570450733,42.34661820133611,39.76103862930726,38.08377396710926,42.35862441915838,42.38507820798903,35.794070605605626,42.64709174492647,40.51586751194006,44.108400503646365,41.583802559849055,41.52273877934507,43.02641569205835,43.0668107920176,41.60995329783759,41.941853675979274,42.31521111930959,41.03519534667194,40.13673001428533,43.6756625069897,0.36060791895721933,41.031366520567936,38.1820189381203,41.95880897872328,35.2510738225691,34.49861443997899,44.322165362343036,35.45765361479071,37.82853646180669,52.862078855111314,40.40013919815579,41.76169170875996,42.98532223523374,63.741900658037,40.30046138437337,40.30174803198063,39.68147356715797,41.76379052507912,41.760287593744664,41.76454943164515,41.764091827949905,41.762243829394464,41.76163726166155,40.30235167878551,41.761655470083376,41.75872447072771,40.56216864450717,40.18034640794155,41.761878417320965,41.761785701719575,46.879257294429706,42.809999999999995
24,0.27801082418890033,41.68939077323969,45.03222008070824,36.89356414842747,42.17834091687335,66.0315279247722,34.04211820333527,49.852554549408936,42.02761488849728,45.0999008083927,41.838857488071646,43.564031782236235,39.023682549044246,37.57194057769841,43.890061419543244,42.92449198842567,35.4141879870912,42.05940750766105,39.99524180572943,44.02147393746618,40.98650703676387,42.5913343870534,44.086977988296624,44.356622404580726,42.97931335350948,41.433372394517065,47.309428665932515,39.96317836874014,39.527463655597224,43.711683411237175,0.230676449068653,41.47374859595736,40.08902085940485,42.47616533681259,37.5340571615505,36.75614267950789,42.85329300234364,36.53673929769518,40.089864708052154,49.59933436703901,42.851372535904495,42.85529043567751,43.790177628260366,62.886874928475116,40.17744490347951,40.09450295953285,40.79178782470608,42.39861062946263,42.85047539215478,42.850598939600935,42.85617959873955,42.855237149763354,42.85624140881706,40.09659592367299,40.807950159922825,43.7696951670338,42.55813430509332,40.096782030140474,45.93341214449635,42.855508266598356,40.647352941176464,42.809999999999995
25,0.4313268806660279,42.58646654513288,40.93814362417043,36.64377372697432,50.24729309251756,83.89573418992623,35.95437359908613,48.69630776800951,43.94116930714066,50.573497992832344,41.263106204785956,43.70307149820055,40.00678404263766,35.60066007029495,55.02670009772862,43.17395940511595,36.267107749916036,42.96053611303494,40.988459007172224,42.8680169023777,42.02070931803965,43.46161487246819,44.90836837753061,47.91895395919497,41.25890327183537,42.16420762934752,43.747873877874056,41.086093218607644,39.63801967428764,44.748600322217186,0.3895085305340016,41.148898201602066,37.88858294552781,42.03909001406807,34.463223954642125,35.88495439038966,40.67077880663886,31.70135200274855,37.425938047959505,49.82115097433337,42.04024525764969,40.26103690673521,50.85545865768252,81.3091846246489,46.2208550126818,39.60856593582487,40.258487294530305,41.06525600245578,53.817870598903276,43.92941720659268,42.038860497837526,40.26190157242348,42.03383475581926,40.26145851351616,40.25833302264119,45.768636496366305,38.84301536133889,38.088504767086526,41.672925252673465,42.035872787919295,33.04328125,42.809999999999995
26,0.4383481367734317,42.234855111020366,42.09602657186882,36.46781369015926,45.75256575613585,65.43878649630491,24.22934553421419,48.044108581582734,43.683356135814414,51.60327136881674,40.828684010370665,42.6450095094427,38.928304077266006,38.586619359178016,64.75022260391484,42.7154486436032,36.09801252121224,44.52827864335492,40.49419002594167,44.44708222327771,41.80822226831067,45.73005882801987,44.26650292931669,44.89587260422142,40.893576616513855,42.01010299740294,43.4651286497527,40.68966483231922,40.17030482491686,44.71248979907224,0.4002106236059378,41.230110157282546,37.22646455937282,42.04429383729967,34.638843021578566,21.978037966080215,42.045492100413334,35.21987671014209,37.34984699510074,48.398776846486456,42.04620507372229,40.413422173498084,51.590530491760134,61.964737239105,42.06522290410216,39.00550791476232,40.41430663487821,42.043233172129675,63.393382103071325,42.216171762794964,40.68657788603231,40.649000249887465,42.04054110513377,40.41541897714108,40.41560881238411,43.63637149724376,39.26163491779135,38.06696262798914,42.04633998149815,42.04469392563699,30.06869918699187,42.809999999999995
27,0.4428689772360269,41.06521455852728,45.45214208953996,33.426961219843704,42.71402998933372,61.958537158787394,27.924172707148127,46.53719977562564,42.535574009259555,51.737696052191815,39.521793820084646,42.39692146840388,37.71917249431995,39.78726264639441,53.39904997208781,39.7614446462226,36.72297174001538,41.84712706103531,39.138910977746264,43.56162032760481,40.49452591965076,47.16674091938103,43.43966406446222,43.65388080501067,39.34300641081458,40.81422740274923,43.03041770884147,39.312632779875656,38.82179262025481,43.81815950443309,0.39932247473763194,40.41894290712523,36.78800617129957,41.284069489758956,37.17552222039106,26.312843162443272,41.4795319091155,39.274432211414386,36.028144173815825,46.960516342849274,43.92052281356762,41.920803890836794,52.71046412847846,59.33666549837184,41.28568103761573,37.98742841650175,39.5526988961993,41.28388561292954,52.51025723965056,43.46220753466498,39.519599441704685,40.34633840089576,41.28664210941837,39.55261004176441,39.55286723611829,43.41636418647278,36.894202490161874,37.53321847630261,41.28488404970099,41.28748874212768,30.06869918699187,42.809999999999995
28,0.4386279107420526,39.86510629925246,40.68399136608587,30.330910805857602,41.47782982029007,57.92751819226696,30.215291762940474,44.54791655878911,43.12260649235415,55.357666674041894,39.55525124405517,43.100937150588585,37.42315022586836,36.277370572639484,50.38482541304873,39.96200547907792,36.427011732857906,42.53392101703545,37.58057924815112,41.6170761539318,41.25867450795785,42.02165371515024,42.181651013756834,42.61761370671461,38.11470147985167,37.56703023524608,41.72797165273447,39.96896234962628,37.92558567467196,42.90708018742033,0.4054225540468924,39.51219691300066,37.3248464577711,42.49978608361152,38.27782770113768,29.2336421801037,40.40634701238592,32.49121413802901,32.80910541476632,44.267045337014316,40.40562465987316,40.403863575922415,56.717445482484976,55.68946372864662,40.40451191821531,36.114052640495856,38.61899730172294,40.40337115581944,49.31862425282554,40.73617571908774,38.619075826524565,38.619481262811355,43.35601252615514,39.12138917303007,40.407303761837824,42.41020967745546,36.79845364977757,38.62020298069301,40.40723791319895,40.40398654849362,28.556103603603596,42.809999999999995
29,0.4518967348114409,38.43333813518086,38.612408778108794,32.19136664982176,38.84544361687473,59.61122152425901,25.8510168481323,38.97756929484033,42.37618847525557,57.807812565761694,39.2296923224379,40.47043789460833,37.60395924990776,31.779710751348844,49.39713337247301,39.897233463687314,35.89869948207294,39.569655070976644,35.966671868402564,38.63460049325917,40.122303290440264,31.007060449471002,41.323569908397644,44.7386973217596,33.336592013728406,33.24864499427587,39.39860058355322,38.77611269409528,36.746131912439154,39.368665204353604,0.4189532675268712,38.717391269787775,37.721317667705634,43.211837211491776,37.720148657980744,26.150209386357766,39.42356168626129,28.407536769211493,35.33317083781205,39.71317802913065,31.097925815893873,39.02741701866445,60.08141339030338,58.03944831518954,38.65763864682911,34.98917296829729,39.71439454156509,39.71339928768132,49.28905112052781,43.15010857522132,39.71454299375981,35.074158367639654,41.255106438198375,38.417322634692866,39.7130956054632,46.35634749112138,31.702553640375786,37.720207632984625,39.24241397986749,37.72088528416489,34.73548837209303,42.809999999999995
30,0.3938431075744847,41.39839406580444,41.64041728103187,35.73872454467143,40.63731355264337,57.505484264654356,9.126543259579385,46.20300451500259,45.566002961013446,79.22969913536271,41.69790817987872,44.324877450767744,40.28797344825663,32.92523653366953,48.745428963933044,65.89898338088295,35.7415043709212,41.07855054338742,38.20194620225972,40.90398205342611,43.73513473011747,38.65239255624903,47.546271181869535,46.03781269492734,37.13835241512094,37.45887152236111,47.11332299191211,42.227423453086445,39.79193866534452,41.61674465995848,0.3512407823614658,41.64009856239628,40.19464111981553,43.084261979669726,38.94571486726516,8.957232180324198,40.27281612166215,28.215468694008262,40.19292810304448,43.10698529235425,37.47545460400371,42.1816876982669,80.6159920655291,54.73311962995109,40.194564538537804,37.59020106907357,40.19509534332324,41.387619509564175,44.28815602395364,48.92390078071266,63.984113309803064,37.74309499329912,44.949519491737604,40.19597044389647,43.0858658871387,45.72327748017837,34.519471133827366,40.1948376441079,45.39707596122884,40.1969455463439,36.98476958525346,42.809999999999995
